[
    {
        "Companycode": "nDxe",
        "CompanyCodeText": "CompanyCodeText1"
    },
    {
        "Companycode": "ewas",
        "CompanyCodeText": "CompanyCodeText2"
    },
    {
        "Companycode": "buvy",
        "CompanyCodeText": "CompanyCodeText3"
    },
    {
        "Companycode": "JWmR",
        "CompanyCodeText": "CompanyCodeText4"
    },
    {
        "Companycode": "dbrw",
        "CompanyCodeText": "CompanyCodeText5"
    },
    {
        "Companycode": "YPom",
        "CompanyCodeText": "CompanyCodeText6"
    },
    {
        "Companycode": "ofyT",
        "CompanyCodeText": "CompanyCodeText7"
    },
    {
        "Companycode": "Qjlr",
        "CompanyCodeText": "CompanyCodeText8"
    },
    {
        "Companycode": "OjKS",
        "CompanyCodeText": "CompanyCodeText9"
    },
    {
        "Companycode": "wydC",
        "CompanyCodeText": "CompanyCodeText10"
    },
    {
        "Companycode": "atOK",
        "CompanyCodeText": "CompanyCodeText11"
    },
    {
        "Companycode": "UjDf",
        "CompanyCodeText": "CompanyCodeText12"
    },
    {
        "Companycode": "cqyH",
        "CompanyCodeText": "CompanyCodeText13"
    },
    {
        "Companycode": "VDHl",
        "CompanyCodeText": "CompanyCodeText14"
    },
    {
        "Companycode": "hqot",
        "CompanyCodeText": "CompanyCodeText15"
    },
    {
        "Companycode": "CrvY",
        "CompanyCodeText": "CompanyCodeText16"
    },
    {
        "Companycode": "TYqg",
        "CompanyCodeText": "CompanyCodeText17"
    },
    {
        "Companycode": "LTly",
        "CompanyCodeText": "CompanyCodeText18"
    },
    {
        "Companycode": "bixS",
        "CompanyCodeText": "CompanyCodeText19"
    },
    {
        "Companycode": "aVIS",
        "CompanyCodeText": "CompanyCodeText20"
    },
    {
        "Companycode": "Mhkl",
        "CompanyCodeText": "CompanyCodeText21"
    },
    {
        "Companycode": "sArg",
        "CompanyCodeText": "CompanyCodeText22"
    },
    {
        "Companycode": "HCJm",
        "CompanyCodeText": "CompanyCodeText23"
    },
    {
        "Companycode": "rgaa",
        "CompanyCodeText": "CompanyCodeText24"
    },
    {
        "Companycode": "aZBo",
        "CompanyCodeText": "CompanyCodeText25"
    },
    {
        "Companycode": "YtEm",
        "CompanyCodeText": "CompanyCodeText26"
    },
    {
        "Companycode": "JPqy",
        "CompanyCodeText": "CompanyCodeText27"
    },
    {
        "Companycode": "htpc",
        "CompanyCodeText": "CompanyCodeText28"
    },
    {
        "Companycode": "hixu",
        "CompanyCodeText": "CompanyCodeText29"
    },
    {
        "Companycode": "hNtu",
        "CompanyCodeText": "CompanyCodeText30"
    },
    {
        "Companycode": "ZdLs",
        "CompanyCodeText": "CompanyCodeText31"
    },
    {
        "Companycode": "poOJ",
        "CompanyCodeText": "CompanyCodeText32"
    },
    {
        "Companycode": "kVTN",
        "CompanyCodeText": "CompanyCodeText33"
    },
    {
        "Companycode": "IdIS",
        "CompanyCodeText": "CompanyCodeText34"
    },
    {
        "Companycode": "UhAO",
        "CompanyCodeText": "CompanyCodeText35"
    },
    {
        "Companycode": "iSLD",
        "CompanyCodeText": "CompanyCodeText36"
    },
    {
        "Companycode": "XLPa",
        "CompanyCodeText": "CompanyCodeText37"
    },
    {
        "Companycode": "EHge",
        "CompanyCodeText": "CompanyCodeText38"
    },
    {
        "Companycode": "HjRE",
        "CompanyCodeText": "CompanyCodeText39"
    },
    {
        "Companycode": "INDY",
        "CompanyCodeText": "CompanyCodeText40"
    },
    {
        "Companycode": "eKlN",
        "CompanyCodeText": "CompanyCodeText41"
    },
    {
        "Companycode": "UGEv",
        "CompanyCodeText": "CompanyCodeText42"
    },
    {
        "Companycode": "FHSn",
        "CompanyCodeText": "CompanyCodeText43"
    },
    {
        "Companycode": "gXNc",
        "CompanyCodeText": "CompanyCodeText44"
    },
    {
        "Companycode": "uWan",
        "CompanyCodeText": "CompanyCodeText45"
    },
    {
        "Companycode": "dUQW",
        "CompanyCodeText": "CompanyCodeText46"
    },
    {
        "Companycode": "LHTc",
        "CompanyCodeText": "CompanyCodeText47"
    },
    {
        "Companycode": "xKYz",
        "CompanyCodeText": "CompanyCodeText48"
    },
    {
        "Companycode": "qbgk",
        "CompanyCodeText": "CompanyCodeText49"
    },
    {
        "Companycode": "ergk",
        "CompanyCodeText": "CompanyCodeText50"
    },
    {
        "Companycode": "ggXt",
        "CompanyCodeText": "CompanyCodeText51"
    },
    {
        "Companycode": "KbLg",
        "CompanyCodeText": "CompanyCodeText52"
    },
    {
        "Companycode": "stye",
        "CompanyCodeText": "CompanyCodeText53"
    },
    {
        "Companycode": "qIwe",
        "CompanyCodeText": "CompanyCodeText54"
    },
    {
        "Companycode": "ytBk",
        "CompanyCodeText": "CompanyCodeText55"
    },
    {
        "Companycode": "oEEZ",
        "CompanyCodeText": "CompanyCodeText56"
    },
    {
        "Companycode": "ohot",
        "CompanyCodeText": "CompanyCodeText57"
    },
    {
        "Companycode": "JqVS",
        "CompanyCodeText": "CompanyCodeText58"
    },
    {
        "Companycode": "NGLH",
        "CompanyCodeText": "CompanyCodeText59"
    },
    {
        "Companycode": "MOTy",
        "CompanyCodeText": "CompanyCodeText60"
    },
    {
        "Companycode": "GzBF",
        "CompanyCodeText": "CompanyCodeText61"
    },
    {
        "Companycode": "OgXx",
        "CompanyCodeText": "CompanyCodeText62"
    },
    {
        "Companycode": "lSss",
        "CompanyCodeText": "CompanyCodeText63"
    },
    {
        "Companycode": "MndA",
        "CompanyCodeText": "CompanyCodeText64"
    },
    {
        "Companycode": "nlAt",
        "CompanyCodeText": "CompanyCodeText65"
    },
    {
        "Companycode": "AeyP",
        "CompanyCodeText": "CompanyCodeText66"
    },
    {
        "Companycode": "aiMD",
        "CompanyCodeText": "CompanyCodeText67"
    },
    {
        "Companycode": "OSCr",
        "CompanyCodeText": "CompanyCodeText68"
    },
    {
        "Companycode": "ygyU",
        "CompanyCodeText": "CompanyCodeText69"
    },
    {
        "Companycode": "EkVy",
        "CompanyCodeText": "CompanyCodeText70"
    },
    {
        "Companycode": "autA",
        "CompanyCodeText": "CompanyCodeText71"
    },
    {
        "Companycode": "JuHB",
        "CompanyCodeText": "CompanyCodeText72"
    },
    {
        "Companycode": "QkbB",
        "CompanyCodeText": "CompanyCodeText73"
    },
    {
        "Companycode": "XIJR",
        "CompanyCodeText": "CompanyCodeText74"
    },
    {
        "Companycode": "XAir",
        "CompanyCodeText": "CompanyCodeText75"
    },
    {
        "Companycode": "hLYP",
        "CompanyCodeText": "CompanyCodeText76"
    },
    {
        "Companycode": "pSts",
        "CompanyCodeText": "CompanyCodeText77"
    },
    {
        "Companycode": "HUMw",
        "CompanyCodeText": "CompanyCodeText78"
    },
    {
        "Companycode": "MhmW",
        "CompanyCodeText": "CompanyCodeText79"
    },
    {
        "Companycode": "nrCf",
        "CompanyCodeText": "CompanyCodeText80"
    },
    {
        "Companycode": "aQfh",
        "CompanyCodeText": "CompanyCodeText81"
    },
    {
        "Companycode": "swqj",
        "CompanyCodeText": "CompanyCodeText82"
    },
    {
        "Companycode": "PsKj",
        "CompanyCodeText": "CompanyCodeText83"
    },
    {
        "Companycode": "cVSN",
        "CompanyCodeText": "CompanyCodeText84"
    },
    {
        "Companycode": "isAz",
        "CompanyCodeText": "CompanyCodeText85"
    },
    {
        "Companycode": "vcwX",
        "CompanyCodeText": "CompanyCodeText86"
    },
    {
        "Companycode": "GfRy",
        "CompanyCodeText": "CompanyCodeText87"
    },
    {
        "Companycode": "qcjM",
        "CompanyCodeText": "CompanyCodeText88"
    },
    {
        "Companycode": "ZkMG",
        "CompanyCodeText": "CompanyCodeText89"
    },
    {
        "Companycode": "HZfx",
        "CompanyCodeText": "CompanyCodeText90"
    },
    {
        "Companycode": "bxBo",
        "CompanyCodeText": "CompanyCodeText91"
    },
    {
        "Companycode": "BPzT",
        "CompanyCodeText": "CompanyCodeText92"
    },
    {
        "Companycode": "TiKQ",
        "CompanyCodeText": "CompanyCodeText93"
    },
    {
        "Companycode": "PAbq",
        "CompanyCodeText": "CompanyCodeText94"
    },
    {
        "Companycode": "ykvT",
        "CompanyCodeText": "CompanyCodeText95"
    },
    {
        "Companycode": "Xmcu",
        "CompanyCodeText": "CompanyCodeText96"
    },
    {
        "Companycode": "PMjg",
        "CompanyCodeText": "CompanyCodeText97"
    },
    {
        "Companycode": "dFsI",
        "CompanyCodeText": "CompanyCodeText98"
    },
    {
        "Companycode": "CsTN",
        "CompanyCodeText": "CompanyCodeText99"
    },
    {
        "Companycode": "OHZo",
        "CompanyCodeText": "CompanyCodeText100"
    }
]