[
    {
        "transactionnum": "GelPGwkjFK",
        "TransactionDate": "/Date(1238041153000)/",
        "Companycode": "QxUg",
        "Zday": "Zday1",
        "Paymenttype": "Paymenttype1",
        "TransactionamountV": 665557015.687,
        "TransactionamountC": "Tran1",
        "Region": "Regio1",
        "Subregion": "Su1",
        "Period": "Pe1",
        "Week": "W1",
        "Fiscalyear": "Fis1",
        "Createdby": "Createdby1",
        "Lastchangedby": "Lastchanged1"
    },
    {
        "transactionnum": "UzamHZHcPR",
        "TransactionDate": "/Date(511434119000)/",
        "Companycode": "lfLw",
        "Zday": "Zday2",
        "Paymenttype": "Paymenttype2",
        "TransactionamountV": 914647322.613,
        "TransactionamountC": "Tran2",
        "Region": "Regio2",
        "Subregion": "Su2",
        "Period": "Pe2",
        "Week": "W2",
        "Fiscalyear": "Fis2",
        "Createdby": "Createdby2",
        "Lastchangedby": "Lastchanged2"
    },
    {
        "transactionnum": "oGGJcVZQBP",
        "TransactionDate": "/Date(857907777000)/",
        "Companycode": "pEzL",
        "Zday": "Zday3",
        "Paymenttype": "Paymenttype3",
        "TransactionamountV": 764660856.686,
        "TransactionamountC": "Tran3",
        "Region": "Regio3",
        "Subregion": "Su3",
        "Period": "Pe3",
        "Week": "W3",
        "Fiscalyear": "Fis3",
        "Createdby": "Createdby3",
        "Lastchangedby": "Lastchanged3"
    },
    {
        "transactionnum": "qkmjruJHmw",
        "TransactionDate": "/Date(454356488000)/",
        "Companycode": "RmCb",
        "Zday": "Zday4",
        "Paymenttype": "Paymenttype4",
        "TransactionamountV": 299819405.19,
        "TransactionamountC": "Tran4",
        "Region": "Regio4",
        "Subregion": "Su4",
        "Period": "Pe4",
        "Week": "W4",
        "Fiscalyear": "Fis4",
        "Createdby": "Createdby4",
        "Lastchangedby": "Lastchanged4"
    },
    {
        "transactionnum": "MiAnstdYLz",
        "TransactionDate": "/Date(904628767000)/",
        "Companycode": "QUoi",
        "Zday": "Zday5",
        "Paymenttype": "Paymenttype5",
        "TransactionamountV": 648820109.665,
        "TransactionamountC": "Tran5",
        "Region": "Regio5",
        "Subregion": "Su5",
        "Period": "Pe5",
        "Week": "W5",
        "Fiscalyear": "Fis5",
        "Createdby": "Createdby5",
        "Lastchangedby": "Lastchanged5"
    },
    {
        "transactionnum": "dIyfZANNRH",
        "TransactionDate": "/Date(871838306000)/",
        "Companycode": "PbUK",
        "Zday": "Zday6",
        "Paymenttype": "Paymenttype6",
        "TransactionamountV": 21184736.629,
        "TransactionamountC": "Tran6",
        "Region": "Regio6",
        "Subregion": "Su6",
        "Period": "Pe6",
        "Week": "W6",
        "Fiscalyear": "Fis6",
        "Createdby": "Createdby6",
        "Lastchangedby": "Lastchanged6"
    },
    {
        "transactionnum": "dsCOcuKAch",
        "TransactionDate": "/Date(289767197000)/",
        "Companycode": "tuvQ",
        "Zday": "Zday7",
        "Paymenttype": "Paymenttype7",
        "TransactionamountV": 312656875.466,
        "TransactionamountC": "Tran7",
        "Region": "Regio7",
        "Subregion": "Su7",
        "Period": "Pe7",
        "Week": "W7",
        "Fiscalyear": "Fis7",
        "Createdby": "Createdby7",
        "Lastchangedby": "Lastchanged7"
    },
    {
        "transactionnum": "grsMtJhmKT",
        "TransactionDate": "/Date(1282610624000)/",
        "Companycode": "KMKa",
        "Zday": "Zday8",
        "Paymenttype": "Paymenttype8",
        "TransactionamountV": 450375096.173,
        "TransactionamountC": "Tran8",
        "Region": "Regio8",
        "Subregion": "Su8",
        "Period": "Pe8",
        "Week": "W8",
        "Fiscalyear": "Fis8",
        "Createdby": "Createdby8",
        "Lastchangedby": "Lastchanged8"
    },
    {
        "transactionnum": "PytLeuYbmV",
        "TransactionDate": "/Date(691784013000)/",
        "Companycode": "cStJ",
        "Zday": "Zday9",
        "Paymenttype": "Paymenttype9",
        "TransactionamountV": 324925587.046,
        "TransactionamountC": "Tran9",
        "Region": "Regio9",
        "Subregion": "Su9",
        "Period": "Pe9",
        "Week": "W9",
        "Fiscalyear": "Fis9",
        "Createdby": "Createdby9",
        "Lastchangedby": "Lastchanged9"
    },
    {
        "transactionnum": "GZvJbnRFxY",
        "TransactionDate": "/Date(383899758000)/",
        "Companycode": "ASHl",
        "Zday": "Zday10",
        "Paymenttype": "Paymenttype10",
        "TransactionamountV": 772257282.165,
        "TransactionamountC": "Tra10",
        "Region": "Regi10",
        "Subregion": "S10",
        "Period": "P10",
        "Week": "10",
        "Fiscalyear": "Fi10",
        "Createdby": "Createdby10",
        "Lastchangedby": "Lastchange10"
    },
    {
        "transactionnum": "gdfAAJbvqn",
        "TransactionDate": "/Date(1217781063000)/",
        "Companycode": "nltb",
        "Zday": "Zday11",
        "Paymenttype": "Paymenttype11",
        "TransactionamountV": 688217615.941,
        "TransactionamountC": "Tra11",
        "Region": "Regi11",
        "Subregion": "S11",
        "Period": "P11",
        "Week": "11",
        "Fiscalyear": "Fi11",
        "Createdby": "Createdby11",
        "Lastchangedby": "Lastchange11"
    },
    {
        "transactionnum": "PwumNupHnV",
        "TransactionDate": "/Date(60128141000)/",
        "Companycode": "gwSp",
        "Zday": "Zday12",
        "Paymenttype": "Paymenttype12",
        "TransactionamountV": 662437453.866,
        "TransactionamountC": "Tra12",
        "Region": "Regi12",
        "Subregion": "S12",
        "Period": "P12",
        "Week": "12",
        "Fiscalyear": "Fi12",
        "Createdby": "Createdby12",
        "Lastchangedby": "Lastchange12"
    },
    {
        "transactionnum": "YlWwPShXiA",
        "TransactionDate": "/Date(672919147000)/",
        "Companycode": "jXaF",
        "Zday": "Zday13",
        "Paymenttype": "Paymenttype13",
        "TransactionamountV": 471488332.608,
        "TransactionamountC": "Tra13",
        "Region": "Regi13",
        "Subregion": "S13",
        "Period": "P13",
        "Week": "13",
        "Fiscalyear": "Fi13",
        "Createdby": "Createdby13",
        "Lastchangedby": "Lastchange13"
    },
    {
        "transactionnum": "dlQyTYVxaG",
        "TransactionDate": "/Date(4177791000)/",
        "Companycode": "HbZl",
        "Zday": "Zday14",
        "Paymenttype": "Paymenttype14",
        "TransactionamountV": 200773009.099,
        "TransactionamountC": "Tra14",
        "Region": "Regi14",
        "Subregion": "S14",
        "Period": "P14",
        "Week": "14",
        "Fiscalyear": "Fi14",
        "Createdby": "Createdby14",
        "Lastchangedby": "Lastchange14"
    },
    {
        "transactionnum": "JTNWvvhqBH",
        "TransactionDate": "/Date(957819854000)/",
        "Companycode": "svJo",
        "Zday": "Zday15",
        "Paymenttype": "Paymenttype15",
        "TransactionamountV": 624523987.062,
        "TransactionamountC": "Tra15",
        "Region": "Regi15",
        "Subregion": "S15",
        "Period": "P15",
        "Week": "15",
        "Fiscalyear": "Fi15",
        "Createdby": "Createdby15",
        "Lastchangedby": "Lastchange15"
    },
    {
        "transactionnum": "dgXjrWQEcv",
        "TransactionDate": "/Date(97469406000)/",
        "Companycode": "mvOb",
        "Zday": "Zday16",
        "Paymenttype": "Paymenttype16",
        "TransactionamountV": 393925541.546,
        "TransactionamountC": "Tra16",
        "Region": "Regi16",
        "Subregion": "S16",
        "Period": "P16",
        "Week": "16",
        "Fiscalyear": "Fi16",
        "Createdby": "Createdby16",
        "Lastchangedby": "Lastchange16"
    },
    {
        "transactionnum": "oTpEbBgJqK",
        "TransactionDate": "/Date(26957459000)/",
        "Companycode": "dyhb",
        "Zday": "Zday17",
        "Paymenttype": "Paymenttype17",
        "TransactionamountV": 134864317.486,
        "TransactionamountC": "Tra17",
        "Region": "Regi17",
        "Subregion": "S17",
        "Period": "P17",
        "Week": "17",
        "Fiscalyear": "Fi17",
        "Createdby": "Createdby17",
        "Lastchangedby": "Lastchange17"
    },
    {
        "transactionnum": "KQxKVEbtWe",
        "TransactionDate": "/Date(444581751000)/",
        "Companycode": "whyJ",
        "Zday": "Zday18",
        "Paymenttype": "Paymenttype18",
        "TransactionamountV": 751530373.701,
        "TransactionamountC": "Tra18",
        "Region": "Regi18",
        "Subregion": "S18",
        "Period": "P18",
        "Week": "18",
        "Fiscalyear": "Fi18",
        "Createdby": "Createdby18",
        "Lastchangedby": "Lastchange18"
    },
    {
        "transactionnum": "nIBvCydXgl",
        "TransactionDate": "/Date(20421103000)/",
        "Companycode": "YiFM",
        "Zday": "Zday19",
        "Paymenttype": "Paymenttype19",
        "TransactionamountV": 796205491.293,
        "TransactionamountC": "Tra19",
        "Region": "Regi19",
        "Subregion": "S19",
        "Period": "P19",
        "Week": "19",
        "Fiscalyear": "Fi19",
        "Createdby": "Createdby19",
        "Lastchangedby": "Lastchange19"
    },
    {
        "transactionnum": "EizbasXuOq",
        "TransactionDate": "/Date(716149095000)/",
        "Companycode": "wtfI",
        "Zday": "Zday20",
        "Paymenttype": "Paymenttype20",
        "TransactionamountV": 491147984.052,
        "TransactionamountC": "Tra20",
        "Region": "Regi20",
        "Subregion": "S20",
        "Period": "P20",
        "Week": "20",
        "Fiscalyear": "Fi20",
        "Createdby": "Createdby20",
        "Lastchangedby": "Lastchange20"
    },
    {
        "transactionnum": "FIDcCYTLGU",
        "TransactionDate": "/Date(539484942000)/",
        "Companycode": "mKIi",
        "Zday": "Zday21",
        "Paymenttype": "Paymenttype21",
        "TransactionamountV": 451856412.924,
        "TransactionamountC": "Tra21",
        "Region": "Regi21",
        "Subregion": "S21",
        "Period": "P21",
        "Week": "21",
        "Fiscalyear": "Fi21",
        "Createdby": "Createdby21",
        "Lastchangedby": "Lastchange21"
    },
    {
        "transactionnum": "BigwTlgPDn",
        "TransactionDate": "/Date(307890029000)/",
        "Companycode": "TBQo",
        "Zday": "Zday22",
        "Paymenttype": "Paymenttype22",
        "TransactionamountV": 689535581.041,
        "TransactionamountC": "Tra22",
        "Region": "Regi22",
        "Subregion": "S22",
        "Period": "P22",
        "Week": "22",
        "Fiscalyear": "Fi22",
        "Createdby": "Createdby22",
        "Lastchangedby": "Lastchange22"
    },
    {
        "transactionnum": "qUdJJzHCpB",
        "TransactionDate": "/Date(649676291000)/",
        "Companycode": "UPeY",
        "Zday": "Zday23",
        "Paymenttype": "Paymenttype23",
        "TransactionamountV": 255782868.48,
        "TransactionamountC": "Tra23",
        "Region": "Regi23",
        "Subregion": "S23",
        "Period": "P23",
        "Week": "23",
        "Fiscalyear": "Fi23",
        "Createdby": "Createdby23",
        "Lastchangedby": "Lastchange23"
    },
    {
        "transactionnum": "UDWtMruFrF",
        "TransactionDate": "/Date(368581608000)/",
        "Companycode": "LZvi",
        "Zday": "Zday24",
        "Paymenttype": "Paymenttype24",
        "TransactionamountV": 592044388.409,
        "TransactionamountC": "Tra24",
        "Region": "Regi24",
        "Subregion": "S24",
        "Period": "P24",
        "Week": "24",
        "Fiscalyear": "Fi24",
        "Createdby": "Createdby24",
        "Lastchangedby": "Lastchange24"
    },
    {
        "transactionnum": "SlgysjfQqH",
        "TransactionDate": "/Date(566186911000)/",
        "Companycode": "YDhX",
        "Zday": "Zday25",
        "Paymenttype": "Paymenttype25",
        "TransactionamountV": 150564127.368,
        "TransactionamountC": "Tra25",
        "Region": "Regi25",
        "Subregion": "S25",
        "Period": "P25",
        "Week": "25",
        "Fiscalyear": "Fi25",
        "Createdby": "Createdby25",
        "Lastchangedby": "Lastchange25"
    },
    {
        "transactionnum": "djbdKUkmHp",
        "TransactionDate": "/Date(596103236000)/",
        "Companycode": "Emtw",
        "Zday": "Zday26",
        "Paymenttype": "Paymenttype26",
        "TransactionamountV": 464530929.224,
        "TransactionamountC": "Tra26",
        "Region": "Regi26",
        "Subregion": "S26",
        "Period": "P26",
        "Week": "26",
        "Fiscalyear": "Fi26",
        "Createdby": "Createdby26",
        "Lastchangedby": "Lastchange26"
    },
    {
        "transactionnum": "EEDGqpIPLH",
        "TransactionDate": "/Date(1310355163000)/",
        "Companycode": "GiJI",
        "Zday": "Zday27",
        "Paymenttype": "Paymenttype27",
        "TransactionamountV": 380936619.592,
        "TransactionamountC": "Tra27",
        "Region": "Regi27",
        "Subregion": "S27",
        "Period": "P27",
        "Week": "27",
        "Fiscalyear": "Fi27",
        "Createdby": "Createdby27",
        "Lastchangedby": "Lastchange27"
    },
    {
        "transactionnum": "rbWPFaxMDi",
        "TransactionDate": "/Date(761317264000)/",
        "Companycode": "OfAk",
        "Zday": "Zday28",
        "Paymenttype": "Paymenttype28",
        "TransactionamountV": 634181661.996,
        "TransactionamountC": "Tra28",
        "Region": "Regi28",
        "Subregion": "S28",
        "Period": "P28",
        "Week": "28",
        "Fiscalyear": "Fi28",
        "Createdby": "Createdby28",
        "Lastchangedby": "Lastchange28"
    },
    {
        "transactionnum": "FUWkKhaYxA",
        "TransactionDate": "/Date(896624073000)/",
        "Companycode": "fmVN",
        "Zday": "Zday29",
        "Paymenttype": "Paymenttype29",
        "TransactionamountV": 586393507.895,
        "TransactionamountC": "Tra29",
        "Region": "Regi29",
        "Subregion": "S29",
        "Period": "P29",
        "Week": "29",
        "Fiscalyear": "Fi29",
        "Createdby": "Createdby29",
        "Lastchangedby": "Lastchange29"
    },
    {
        "transactionnum": "uZNuCMTWvs",
        "TransactionDate": "/Date(1125696991000)/",
        "Companycode": "Wfzb",
        "Zday": "Zday30",
        "Paymenttype": "Paymenttype30",
        "TransactionamountV": 243942749.686,
        "TransactionamountC": "Tra30",
        "Region": "Regi30",
        "Subregion": "S30",
        "Period": "P30",
        "Week": "30",
        "Fiscalyear": "Fi30",
        "Createdby": "Createdby30",
        "Lastchangedby": "Lastchange30"
    },
    {
        "transactionnum": "TzXlZXDIpI",
        "TransactionDate": "/Date(1220856495000)/",
        "Companycode": "ZDXb",
        "Zday": "Zday31",
        "Paymenttype": "Paymenttype31",
        "TransactionamountV": 691843427.717,
        "TransactionamountC": "Tra31",
        "Region": "Regi31",
        "Subregion": "S31",
        "Period": "P31",
        "Week": "31",
        "Fiscalyear": "Fi31",
        "Createdby": "Createdby31",
        "Lastchangedby": "Lastchange31"
    },
    {
        "transactionnum": "IzwkotCwBc",
        "TransactionDate": "/Date(601244447000)/",
        "Companycode": "ppna",
        "Zday": "Zday32",
        "Paymenttype": "Paymenttype32",
        "TransactionamountV": 945265478.687,
        "TransactionamountC": "Tra32",
        "Region": "Regi32",
        "Subregion": "S32",
        "Period": "P32",
        "Week": "32",
        "Fiscalyear": "Fi32",
        "Createdby": "Createdby32",
        "Lastchangedby": "Lastchange32"
    },
    {
        "transactionnum": "ZAybrDswni",
        "TransactionDate": "/Date(1299746473000)/",
        "Companycode": "qMbi",
        "Zday": "Zday33",
        "Paymenttype": "Paymenttype33",
        "TransactionamountV": 754998221.527,
        "TransactionamountC": "Tra33",
        "Region": "Regi33",
        "Subregion": "S33",
        "Period": "P33",
        "Week": "33",
        "Fiscalyear": "Fi33",
        "Createdby": "Createdby33",
        "Lastchangedby": "Lastchange33"
    },
    {
        "transactionnum": "VKPZYonKeQ",
        "TransactionDate": "/Date(744032313000)/",
        "Companycode": "cYuF",
        "Zday": "Zday34",
        "Paymenttype": "Paymenttype34",
        "TransactionamountV": 320086154.621,
        "TransactionamountC": "Tra34",
        "Region": "Regi34",
        "Subregion": "S34",
        "Period": "P34",
        "Week": "34",
        "Fiscalyear": "Fi34",
        "Createdby": "Createdby34",
        "Lastchangedby": "Lastchange34"
    },
    {
        "transactionnum": "LuKpdoFFQZ",
        "TransactionDate": "/Date(741281033000)/",
        "Companycode": "aTRx",
        "Zday": "Zday35",
        "Paymenttype": "Paymenttype35",
        "TransactionamountV": 563372492.091,
        "TransactionamountC": "Tra35",
        "Region": "Regi35",
        "Subregion": "S35",
        "Period": "P35",
        "Week": "35",
        "Fiscalyear": "Fi35",
        "Createdby": "Createdby35",
        "Lastchangedby": "Lastchange35"
    },
    {
        "transactionnum": "foWKBiDqrU",
        "TransactionDate": "/Date(83528169000)/",
        "Companycode": "lZSd",
        "Zday": "Zday36",
        "Paymenttype": "Paymenttype36",
        "TransactionamountV": 551058860.728,
        "TransactionamountC": "Tra36",
        "Region": "Regi36",
        "Subregion": "S36",
        "Period": "P36",
        "Week": "36",
        "Fiscalyear": "Fi36",
        "Createdby": "Createdby36",
        "Lastchangedby": "Lastchange36"
    },
    {
        "transactionnum": "UjTsRtsuNY",
        "TransactionDate": "/Date(416168835000)/",
        "Companycode": "rVeL",
        "Zday": "Zday37",
        "Paymenttype": "Paymenttype37",
        "TransactionamountV": 390160415.088,
        "TransactionamountC": "Tra37",
        "Region": "Regi37",
        "Subregion": "S37",
        "Period": "P37",
        "Week": "37",
        "Fiscalyear": "Fi37",
        "Createdby": "Createdby37",
        "Lastchangedby": "Lastchange37"
    },
    {
        "transactionnum": "XOhOfTKFtX",
        "TransactionDate": "/Date(772839392000)/",
        "Companycode": "OSLz",
        "Zday": "Zday38",
        "Paymenttype": "Paymenttype38",
        "TransactionamountV": 669051765.929,
        "TransactionamountC": "Tra38",
        "Region": "Regi38",
        "Subregion": "S38",
        "Period": "P38",
        "Week": "38",
        "Fiscalyear": "Fi38",
        "Createdby": "Createdby38",
        "Lastchangedby": "Lastchange38"
    },
    {
        "transactionnum": "CXajnWgHlX",
        "TransactionDate": "/Date(519569412000)/",
        "Companycode": "khpg",
        "Zday": "Zday39",
        "Paymenttype": "Paymenttype39",
        "TransactionamountV": 187865212.326,
        "TransactionamountC": "Tra39",
        "Region": "Regi39",
        "Subregion": "S39",
        "Period": "P39",
        "Week": "39",
        "Fiscalyear": "Fi39",
        "Createdby": "Createdby39",
        "Lastchangedby": "Lastchange39"
    },
    {
        "transactionnum": "SbqsEScOPz",
        "TransactionDate": "/Date(969810372000)/",
        "Companycode": "LyzK",
        "Zday": "Zday40",
        "Paymenttype": "Paymenttype40",
        "TransactionamountV": 453924921.341,
        "TransactionamountC": "Tra40",
        "Region": "Regi40",
        "Subregion": "S40",
        "Period": "P40",
        "Week": "40",
        "Fiscalyear": "Fi40",
        "Createdby": "Createdby40",
        "Lastchangedby": "Lastchange40"
    },
    {
        "transactionnum": "KGomowZRjr",
        "TransactionDate": "/Date(1116547236000)/",
        "Companycode": "SjYN",
        "Zday": "Zday41",
        "Paymenttype": "Paymenttype41",
        "TransactionamountV": 926830721.786,
        "TransactionamountC": "Tra41",
        "Region": "Regi41",
        "Subregion": "S41",
        "Period": "P41",
        "Week": "41",
        "Fiscalyear": "Fi41",
        "Createdby": "Createdby41",
        "Lastchangedby": "Lastchange41"
    },
    {
        "transactionnum": "ZBcDPpdHOm",
        "TransactionDate": "/Date(521498485000)/",
        "Companycode": "WbtC",
        "Zday": "Zday42",
        "Paymenttype": "Paymenttype42",
        "TransactionamountV": 635744411.265,
        "TransactionamountC": "Tra42",
        "Region": "Regi42",
        "Subregion": "S42",
        "Period": "P42",
        "Week": "42",
        "Fiscalyear": "Fi42",
        "Createdby": "Createdby42",
        "Lastchangedby": "Lastchange42"
    },
    {
        "transactionnum": "fUjkACmvix",
        "TransactionDate": "/Date(759458081000)/",
        "Companycode": "VItK",
        "Zday": "Zday43",
        "Paymenttype": "Paymenttype43",
        "TransactionamountV": 729846723.144,
        "TransactionamountC": "Tra43",
        "Region": "Regi43",
        "Subregion": "S43",
        "Period": "P43",
        "Week": "43",
        "Fiscalyear": "Fi43",
        "Createdby": "Createdby43",
        "Lastchangedby": "Lastchange43"
    },
    {
        "transactionnum": "oLrUAWtNkZ",
        "TransactionDate": "/Date(1054031780000)/",
        "Companycode": "YKHa",
        "Zday": "Zday44",
        "Paymenttype": "Paymenttype44",
        "TransactionamountV": 751511910.464,
        "TransactionamountC": "Tra44",
        "Region": "Regi44",
        "Subregion": "S44",
        "Period": "P44",
        "Week": "44",
        "Fiscalyear": "Fi44",
        "Createdby": "Createdby44",
        "Lastchangedby": "Lastchange44"
    },
    {
        "transactionnum": "OGbqYVTcCO",
        "TransactionDate": "/Date(935946682000)/",
        "Companycode": "qjxx",
        "Zday": "Zday45",
        "Paymenttype": "Paymenttype45",
        "TransactionamountV": 58242923.58,
        "TransactionamountC": "Tra45",
        "Region": "Regi45",
        "Subregion": "S45",
        "Period": "P45",
        "Week": "45",
        "Fiscalyear": "Fi45",
        "Createdby": "Createdby45",
        "Lastchangedby": "Lastchange45"
    },
    {
        "transactionnum": "YPNycAGRTA",
        "TransactionDate": "/Date(72819923000)/",
        "Companycode": "ikXj",
        "Zday": "Zday46",
        "Paymenttype": "Paymenttype46",
        "TransactionamountV": 9496872.313,
        "TransactionamountC": "Tra46",
        "Region": "Regi46",
        "Subregion": "S46",
        "Period": "P46",
        "Week": "46",
        "Fiscalyear": "Fi46",
        "Createdby": "Createdby46",
        "Lastchangedby": "Lastchange46"
    },
    {
        "transactionnum": "aAVFdUhvyj",
        "TransactionDate": "/Date(198029345000)/",
        "Companycode": "zkXg",
        "Zday": "Zday47",
        "Paymenttype": "Paymenttype47",
        "TransactionamountV": 117360392.352,
        "TransactionamountC": "Tra47",
        "Region": "Regi47",
        "Subregion": "S47",
        "Period": "P47",
        "Week": "47",
        "Fiscalyear": "Fi47",
        "Createdby": "Createdby47",
        "Lastchangedby": "Lastchange47"
    },
    {
        "transactionnum": "CIGMDkuCXe",
        "TransactionDate": "/Date(459959070000)/",
        "Companycode": "oune",
        "Zday": "Zday48",
        "Paymenttype": "Paymenttype48",
        "TransactionamountV": 504688762.594,
        "TransactionamountC": "Tra48",
        "Region": "Regi48",
        "Subregion": "S48",
        "Period": "P48",
        "Week": "48",
        "Fiscalyear": "Fi48",
        "Createdby": "Createdby48",
        "Lastchangedby": "Lastchange48"
    },
    {
        "transactionnum": "SxUEaNRFbG",
        "TransactionDate": "/Date(1338773634000)/",
        "Companycode": "IjKM",
        "Zday": "Zday49",
        "Paymenttype": "Paymenttype49",
        "TransactionamountV": 951038247.44,
        "TransactionamountC": "Tra49",
        "Region": "Regi49",
        "Subregion": "S49",
        "Period": "P49",
        "Week": "49",
        "Fiscalyear": "Fi49",
        "Createdby": "Createdby49",
        "Lastchangedby": "Lastchange49"
    },
    {
        "transactionnum": "epQZdbOaDq",
        "TransactionDate": "/Date(400417969000)/",
        "Companycode": "JLnk",
        "Zday": "Zday50",
        "Paymenttype": "Paymenttype50",
        "TransactionamountV": 285783392.377,
        "TransactionamountC": "Tra50",
        "Region": "Regi50",
        "Subregion": "S50",
        "Period": "P50",
        "Week": "50",
        "Fiscalyear": "Fi50",
        "Createdby": "Createdby50",
        "Lastchangedby": "Lastchange50"
    },
    {
        "transactionnum": "oWbpHiacBp",
        "TransactionDate": "/Date(165903460000)/",
        "Companycode": "rFLS",
        "Zday": "Zday51",
        "Paymenttype": "Paymenttype51",
        "TransactionamountV": 985988844.884,
        "TransactionamountC": "Tra51",
        "Region": "Regi51",
        "Subregion": "S51",
        "Period": "P51",
        "Week": "51",
        "Fiscalyear": "Fi51",
        "Createdby": "Createdby51",
        "Lastchangedby": "Lastchange51"
    },
    {
        "transactionnum": "HFaTIzgBzg",
        "TransactionDate": "/Date(59278455000)/",
        "Companycode": "Usgt",
        "Zday": "Zday52",
        "Paymenttype": "Paymenttype52",
        "TransactionamountV": 761886959.895,
        "TransactionamountC": "Tra52",
        "Region": "Regi52",
        "Subregion": "S52",
        "Period": "P52",
        "Week": "52",
        "Fiscalyear": "Fi52",
        "Createdby": "Createdby52",
        "Lastchangedby": "Lastchange52"
    },
    {
        "transactionnum": "ixVwFnYmFY",
        "TransactionDate": "/Date(480802913000)/",
        "Companycode": "zxxn",
        "Zday": "Zday53",
        "Paymenttype": "Paymenttype53",
        "TransactionamountV": 55660264.333,
        "TransactionamountC": "Tra53",
        "Region": "Regi53",
        "Subregion": "S53",
        "Period": "P53",
        "Week": "53",
        "Fiscalyear": "Fi53",
        "Createdby": "Createdby53",
        "Lastchangedby": "Lastchange53"
    },
    {
        "transactionnum": "lDDtISNWOp",
        "TransactionDate": "/Date(687752173000)/",
        "Companycode": "ljZL",
        "Zday": "Zday54",
        "Paymenttype": "Paymenttype54",
        "TransactionamountV": 549995120.614,
        "TransactionamountC": "Tra54",
        "Region": "Regi54",
        "Subregion": "S54",
        "Period": "P54",
        "Week": "54",
        "Fiscalyear": "Fi54",
        "Createdby": "Createdby54",
        "Lastchangedby": "Lastchange54"
    },
    {
        "transactionnum": "lLxpjPNSfG",
        "TransactionDate": "/Date(195556327000)/",
        "Companycode": "AChj",
        "Zday": "Zday55",
        "Paymenttype": "Paymenttype55",
        "TransactionamountV": 52542732.097,
        "TransactionamountC": "Tra55",
        "Region": "Regi55",
        "Subregion": "S55",
        "Period": "P55",
        "Week": "55",
        "Fiscalyear": "Fi55",
        "Createdby": "Createdby55",
        "Lastchangedby": "Lastchange55"
    },
    {
        "transactionnum": "hlkIOGUvYW",
        "TransactionDate": "/Date(740046933000)/",
        "Companycode": "NHSn",
        "Zday": "Zday56",
        "Paymenttype": "Paymenttype56",
        "TransactionamountV": 477272038.58,
        "TransactionamountC": "Tra56",
        "Region": "Regi56",
        "Subregion": "S56",
        "Period": "P56",
        "Week": "56",
        "Fiscalyear": "Fi56",
        "Createdby": "Createdby56",
        "Lastchangedby": "Lastchange56"
    },
    {
        "transactionnum": "mrbkPnFLAr",
        "TransactionDate": "/Date(873024793000)/",
        "Companycode": "VpKn",
        "Zday": "Zday57",
        "Paymenttype": "Paymenttype57",
        "TransactionamountV": 644393339.287,
        "TransactionamountC": "Tra57",
        "Region": "Regi57",
        "Subregion": "S57",
        "Period": "P57",
        "Week": "57",
        "Fiscalyear": "Fi57",
        "Createdby": "Createdby57",
        "Lastchangedby": "Lastchange57"
    },
    {
        "transactionnum": "aASpKrUNlr",
        "TransactionDate": "/Date(944910498000)/",
        "Companycode": "rYXf",
        "Zday": "Zday58",
        "Paymenttype": "Paymenttype58",
        "TransactionamountV": 990335788.577,
        "TransactionamountC": "Tra58",
        "Region": "Regi58",
        "Subregion": "S58",
        "Period": "P58",
        "Week": "58",
        "Fiscalyear": "Fi58",
        "Createdby": "Createdby58",
        "Lastchangedby": "Lastchange58"
    },
    {
        "transactionnum": "yoVIccHUlb",
        "TransactionDate": "/Date(202437504000)/",
        "Companycode": "ObCw",
        "Zday": "Zday59",
        "Paymenttype": "Paymenttype59",
        "TransactionamountV": 452799338.148,
        "TransactionamountC": "Tra59",
        "Region": "Regi59",
        "Subregion": "S59",
        "Period": "P59",
        "Week": "59",
        "Fiscalyear": "Fi59",
        "Createdby": "Createdby59",
        "Lastchangedby": "Lastchange59"
    },
    {
        "transactionnum": "FqAbDsKaGA",
        "TransactionDate": "/Date(583365175000)/",
        "Companycode": "Vdvk",
        "Zday": "Zday60",
        "Paymenttype": "Paymenttype60",
        "TransactionamountV": 21294433.623,
        "TransactionamountC": "Tra60",
        "Region": "Regi60",
        "Subregion": "S60",
        "Period": "P60",
        "Week": "60",
        "Fiscalyear": "Fi60",
        "Createdby": "Createdby60",
        "Lastchangedby": "Lastchange60"
    },
    {
        "transactionnum": "zNMaSICHUC",
        "TransactionDate": "/Date(1163226380000)/",
        "Companycode": "SXxA",
        "Zday": "Zday61",
        "Paymenttype": "Paymenttype61",
        "TransactionamountV": 73480737.628,
        "TransactionamountC": "Tra61",
        "Region": "Regi61",
        "Subregion": "S61",
        "Period": "P61",
        "Week": "61",
        "Fiscalyear": "Fi61",
        "Createdby": "Createdby61",
        "Lastchangedby": "Lastchange61"
    },
    {
        "transactionnum": "ZlVnmqmdDe",
        "TransactionDate": "/Date(366019862000)/",
        "Companycode": "CVIJ",
        "Zday": "Zday62",
        "Paymenttype": "Paymenttype62",
        "TransactionamountV": 388693609.042,
        "TransactionamountC": "Tra62",
        "Region": "Regi62",
        "Subregion": "S62",
        "Period": "P62",
        "Week": "62",
        "Fiscalyear": "Fi62",
        "Createdby": "Createdby62",
        "Lastchangedby": "Lastchange62"
    },
    {
        "transactionnum": "KIhLSPLVVt",
        "TransactionDate": "/Date(1110808875000)/",
        "Companycode": "zfFX",
        "Zday": "Zday63",
        "Paymenttype": "Paymenttype63",
        "TransactionamountV": 119716902.729,
        "TransactionamountC": "Tra63",
        "Region": "Regi63",
        "Subregion": "S63",
        "Period": "P63",
        "Week": "63",
        "Fiscalyear": "Fi63",
        "Createdby": "Createdby63",
        "Lastchangedby": "Lastchange63"
    },
    {
        "transactionnum": "tGuVuZUdUP",
        "TransactionDate": "/Date(934630567000)/",
        "Companycode": "lZyH",
        "Zday": "Zday64",
        "Paymenttype": "Paymenttype64",
        "TransactionamountV": 359848635.504,
        "TransactionamountC": "Tra64",
        "Region": "Regi64",
        "Subregion": "S64",
        "Period": "P64",
        "Week": "64",
        "Fiscalyear": "Fi64",
        "Createdby": "Createdby64",
        "Lastchangedby": "Lastchange64"
    },
    {
        "transactionnum": "iCBIIMHOSV",
        "TransactionDate": "/Date(375749614000)/",
        "Companycode": "OFKe",
        "Zday": "Zday65",
        "Paymenttype": "Paymenttype65",
        "TransactionamountV": 280787967.843,
        "TransactionamountC": "Tra65",
        "Region": "Regi65",
        "Subregion": "S65",
        "Period": "P65",
        "Week": "65",
        "Fiscalyear": "Fi65",
        "Createdby": "Createdby65",
        "Lastchangedby": "Lastchange65"
    },
    {
        "transactionnum": "DTFiTYAHgr",
        "TransactionDate": "/Date(1329298945000)/",
        "Companycode": "LlDR",
        "Zday": "Zday66",
        "Paymenttype": "Paymenttype66",
        "TransactionamountV": 578373682.452,
        "TransactionamountC": "Tra66",
        "Region": "Regi66",
        "Subregion": "S66",
        "Period": "P66",
        "Week": "66",
        "Fiscalyear": "Fi66",
        "Createdby": "Createdby66",
        "Lastchangedby": "Lastchange66"
    },
    {
        "transactionnum": "frWyhKRerj",
        "TransactionDate": "/Date(136411987000)/",
        "Companycode": "KfVn",
        "Zday": "Zday67",
        "Paymenttype": "Paymenttype67",
        "TransactionamountV": 861233209.259,
        "TransactionamountC": "Tra67",
        "Region": "Regi67",
        "Subregion": "S67",
        "Period": "P67",
        "Week": "67",
        "Fiscalyear": "Fi67",
        "Createdby": "Createdby67",
        "Lastchangedby": "Lastchange67"
    },
    {
        "transactionnum": "otJXxInnkN",
        "TransactionDate": "/Date(580876871000)/",
        "Companycode": "raoO",
        "Zday": "Zday68",
        "Paymenttype": "Paymenttype68",
        "TransactionamountV": 686236453.941,
        "TransactionamountC": "Tra68",
        "Region": "Regi68",
        "Subregion": "S68",
        "Period": "P68",
        "Week": "68",
        "Fiscalyear": "Fi68",
        "Createdby": "Createdby68",
        "Lastchangedby": "Lastchange68"
    },
    {
        "transactionnum": "qBCNrmBrrq",
        "TransactionDate": "/Date(1127916502000)/",
        "Companycode": "obGe",
        "Zday": "Zday69",
        "Paymenttype": "Paymenttype69",
        "TransactionamountV": 30954337.911,
        "TransactionamountC": "Tra69",
        "Region": "Regi69",
        "Subregion": "S69",
        "Period": "P69",
        "Week": "69",
        "Fiscalyear": "Fi69",
        "Createdby": "Createdby69",
        "Lastchangedby": "Lastchange69"
    },
    {
        "transactionnum": "rnFOObSXEA",
        "TransactionDate": "/Date(419370942000)/",
        "Companycode": "WdKh",
        "Zday": "Zday70",
        "Paymenttype": "Paymenttype70",
        "TransactionamountV": 465315374.545,
        "TransactionamountC": "Tra70",
        "Region": "Regi70",
        "Subregion": "S70",
        "Period": "P70",
        "Week": "70",
        "Fiscalyear": "Fi70",
        "Createdby": "Createdby70",
        "Lastchangedby": "Lastchange70"
    },
    {
        "transactionnum": "AzlIIwoZzU",
        "TransactionDate": "/Date(1174139768000)/",
        "Companycode": "yQHD",
        "Zday": "Zday71",
        "Paymenttype": "Paymenttype71",
        "TransactionamountV": 865561188.431,
        "TransactionamountC": "Tra71",
        "Region": "Regi71",
        "Subregion": "S71",
        "Period": "P71",
        "Week": "71",
        "Fiscalyear": "Fi71",
        "Createdby": "Createdby71",
        "Lastchangedby": "Lastchange71"
    },
    {
        "transactionnum": "pQEWwELPDD",
        "TransactionDate": "/Date(60544208000)/",
        "Companycode": "UqlV",
        "Zday": "Zday72",
        "Paymenttype": "Paymenttype72",
        "TransactionamountV": 209537332.179,
        "TransactionamountC": "Tra72",
        "Region": "Regi72",
        "Subregion": "S72",
        "Period": "P72",
        "Week": "72",
        "Fiscalyear": "Fi72",
        "Createdby": "Createdby72",
        "Lastchangedby": "Lastchange72"
    },
    {
        "transactionnum": "KkWRrALfAs",
        "TransactionDate": "/Date(175182805000)/",
        "Companycode": "NODc",
        "Zday": "Zday73",
        "Paymenttype": "Paymenttype73",
        "TransactionamountV": 585137336.049,
        "TransactionamountC": "Tra73",
        "Region": "Regi73",
        "Subregion": "S73",
        "Period": "P73",
        "Week": "73",
        "Fiscalyear": "Fi73",
        "Createdby": "Createdby73",
        "Lastchangedby": "Lastchange73"
    },
    {
        "transactionnum": "FaxyFndVKE",
        "TransactionDate": "/Date(217490291000)/",
        "Companycode": "JiFs",
        "Zday": "Zday74",
        "Paymenttype": "Paymenttype74",
        "TransactionamountV": 450685242.889,
        "TransactionamountC": "Tra74",
        "Region": "Regi74",
        "Subregion": "S74",
        "Period": "P74",
        "Week": "74",
        "Fiscalyear": "Fi74",
        "Createdby": "Createdby74",
        "Lastchangedby": "Lastchange74"
    },
    {
        "transactionnum": "XeAAGFbRWx",
        "TransactionDate": "/Date(1252898987000)/",
        "Companycode": "prfh",
        "Zday": "Zday75",
        "Paymenttype": "Paymenttype75",
        "TransactionamountV": 484241612.255,
        "TransactionamountC": "Tra75",
        "Region": "Regi75",
        "Subregion": "S75",
        "Period": "P75",
        "Week": "75",
        "Fiscalyear": "Fi75",
        "Createdby": "Createdby75",
        "Lastchangedby": "Lastchange75"
    },
    {
        "transactionnum": "baAfWYWTez",
        "TransactionDate": "/Date(1239046898000)/",
        "Companycode": "OEJP",
        "Zday": "Zday76",
        "Paymenttype": "Paymenttype76",
        "TransactionamountV": 464714746.922,
        "TransactionamountC": "Tra76",
        "Region": "Regi76",
        "Subregion": "S76",
        "Period": "P76",
        "Week": "76",
        "Fiscalyear": "Fi76",
        "Createdby": "Createdby76",
        "Lastchangedby": "Lastchange76"
    },
    {
        "transactionnum": "LunxelIULj",
        "TransactionDate": "/Date(135203452000)/",
        "Companycode": "nHxw",
        "Zday": "Zday77",
        "Paymenttype": "Paymenttype77",
        "TransactionamountV": 830967034.446,
        "TransactionamountC": "Tra77",
        "Region": "Regi77",
        "Subregion": "S77",
        "Period": "P77",
        "Week": "77",
        "Fiscalyear": "Fi77",
        "Createdby": "Createdby77",
        "Lastchangedby": "Lastchange77"
    },
    {
        "transactionnum": "mYCEmTSRgp",
        "TransactionDate": "/Date(328614438000)/",
        "Companycode": "Ufjn",
        "Zday": "Zday78",
        "Paymenttype": "Paymenttype78",
        "TransactionamountV": 387059507.658,
        "TransactionamountC": "Tra78",
        "Region": "Regi78",
        "Subregion": "S78",
        "Period": "P78",
        "Week": "78",
        "Fiscalyear": "Fi78",
        "Createdby": "Createdby78",
        "Lastchangedby": "Lastchange78"
    },
    {
        "transactionnum": "pASjQOkmCa",
        "TransactionDate": "/Date(394947183000)/",
        "Companycode": "TTyA",
        "Zday": "Zday79",
        "Paymenttype": "Paymenttype79",
        "TransactionamountV": 558058823.226,
        "TransactionamountC": "Tra79",
        "Region": "Regi79",
        "Subregion": "S79",
        "Period": "P79",
        "Week": "79",
        "Fiscalyear": "Fi79",
        "Createdby": "Createdby79",
        "Lastchangedby": "Lastchange79"
    },
    {
        "transactionnum": "xAqYlvQfhM",
        "TransactionDate": "/Date(759826241000)/",
        "Companycode": "gjBr",
        "Zday": "Zday80",
        "Paymenttype": "Paymenttype80",
        "TransactionamountV": 938995934.324,
        "TransactionamountC": "Tra80",
        "Region": "Regi80",
        "Subregion": "S80",
        "Period": "P80",
        "Week": "80",
        "Fiscalyear": "Fi80",
        "Createdby": "Createdby80",
        "Lastchangedby": "Lastchange80"
    },
    {
        "transactionnum": "qXHaWWBVgt",
        "TransactionDate": "/Date(548562046000)/",
        "Companycode": "urmG",
        "Zday": "Zday81",
        "Paymenttype": "Paymenttype81",
        "TransactionamountV": 378614226.123,
        "TransactionamountC": "Tra81",
        "Region": "Regi81",
        "Subregion": "S81",
        "Period": "P81",
        "Week": "81",
        "Fiscalyear": "Fi81",
        "Createdby": "Createdby81",
        "Lastchangedby": "Lastchange81"
    },
    {
        "transactionnum": "FTuKtHvwcM",
        "TransactionDate": "/Date(318849762000)/",
        "Companycode": "YttQ",
        "Zday": "Zday82",
        "Paymenttype": "Paymenttype82",
        "TransactionamountV": 151951777.283,
        "TransactionamountC": "Tra82",
        "Region": "Regi82",
        "Subregion": "S82",
        "Period": "P82",
        "Week": "82",
        "Fiscalyear": "Fi82",
        "Createdby": "Createdby82",
        "Lastchangedby": "Lastchange82"
    },
    {
        "transactionnum": "SNpDlvimGm",
        "TransactionDate": "/Date(439347595000)/",
        "Companycode": "kosJ",
        "Zday": "Zday83",
        "Paymenttype": "Paymenttype83",
        "TransactionamountV": 585843241.075,
        "TransactionamountC": "Tra83",
        "Region": "Regi83",
        "Subregion": "S83",
        "Period": "P83",
        "Week": "83",
        "Fiscalyear": "Fi83",
        "Createdby": "Createdby83",
        "Lastchangedby": "Lastchange83"
    },
    {
        "transactionnum": "XQFRmMpWHI",
        "TransactionDate": "/Date(509252607000)/",
        "Companycode": "HUOC",
        "Zday": "Zday84",
        "Paymenttype": "Paymenttype84",
        "TransactionamountV": 921186115.127,
        "TransactionamountC": "Tra84",
        "Region": "Regi84",
        "Subregion": "S84",
        "Period": "P84",
        "Week": "84",
        "Fiscalyear": "Fi84",
        "Createdby": "Createdby84",
        "Lastchangedby": "Lastchange84"
    },
    {
        "transactionnum": "viEGfBKRSU",
        "TransactionDate": "/Date(1074118013000)/",
        "Companycode": "oNmr",
        "Zday": "Zday85",
        "Paymenttype": "Paymenttype85",
        "TransactionamountV": 229450780.898,
        "TransactionamountC": "Tra85",
        "Region": "Regi85",
        "Subregion": "S85",
        "Period": "P85",
        "Week": "85",
        "Fiscalyear": "Fi85",
        "Createdby": "Createdby85",
        "Lastchangedby": "Lastchange85"
    },
    {
        "transactionnum": "JYQZoaORrP",
        "TransactionDate": "/Date(388018415000)/",
        "Companycode": "FdND",
        "Zday": "Zday86",
        "Paymenttype": "Paymenttype86",
        "TransactionamountV": 410845255.944,
        "TransactionamountC": "Tra86",
        "Region": "Regi86",
        "Subregion": "S86",
        "Period": "P86",
        "Week": "86",
        "Fiscalyear": "Fi86",
        "Createdby": "Createdby86",
        "Lastchangedby": "Lastchange86"
    },
    {
        "transactionnum": "pQJCkJcTBu",
        "TransactionDate": "/Date(1040526124000)/",
        "Companycode": "kIzA",
        "Zday": "Zday87",
        "Paymenttype": "Paymenttype87",
        "TransactionamountV": 319180451.1,
        "TransactionamountC": "Tra87",
        "Region": "Regi87",
        "Subregion": "S87",
        "Period": "P87",
        "Week": "87",
        "Fiscalyear": "Fi87",
        "Createdby": "Createdby87",
        "Lastchangedby": "Lastchange87"
    },
    {
        "transactionnum": "BLFRVEECZM",
        "TransactionDate": "/Date(879516126000)/",
        "Companycode": "LQTf",
        "Zday": "Zday88",
        "Paymenttype": "Paymenttype88",
        "TransactionamountV": 765327994.478,
        "TransactionamountC": "Tra88",
        "Region": "Regi88",
        "Subregion": "S88",
        "Period": "P88",
        "Week": "88",
        "Fiscalyear": "Fi88",
        "Createdby": "Createdby88",
        "Lastchangedby": "Lastchange88"
    },
    {
        "transactionnum": "hsUiEbjgqo",
        "TransactionDate": "/Date(215455907000)/",
        "Companycode": "tNGi",
        "Zday": "Zday89",
        "Paymenttype": "Paymenttype89",
        "TransactionamountV": 986919276.416,
        "TransactionamountC": "Tra89",
        "Region": "Regi89",
        "Subregion": "S89",
        "Period": "P89",
        "Week": "89",
        "Fiscalyear": "Fi89",
        "Createdby": "Createdby89",
        "Lastchangedby": "Lastchange89"
    },
    {
        "transactionnum": "OBFGUpEmPg",
        "TransactionDate": "/Date(1116332304000)/",
        "Companycode": "aXTl",
        "Zday": "Zday90",
        "Paymenttype": "Paymenttype90",
        "TransactionamountV": 103902289.876,
        "TransactionamountC": "Tra90",
        "Region": "Regi90",
        "Subregion": "S90",
        "Period": "P90",
        "Week": "90",
        "Fiscalyear": "Fi90",
        "Createdby": "Createdby90",
        "Lastchangedby": "Lastchange90"
    },
    {
        "transactionnum": "GqtzPAJour",
        "TransactionDate": "/Date(1387487248000)/",
        "Companycode": "qRrB",
        "Zday": "Zday91",
        "Paymenttype": "Paymenttype91",
        "TransactionamountV": 266181960.469,
        "TransactionamountC": "Tra91",
        "Region": "Regi91",
        "Subregion": "S91",
        "Period": "P91",
        "Week": "91",
        "Fiscalyear": "Fi91",
        "Createdby": "Createdby91",
        "Lastchangedby": "Lastchange91"
    },
    {
        "transactionnum": "cmxUmCngdb",
        "TransactionDate": "/Date(91027763000)/",
        "Companycode": "tWVm",
        "Zday": "Zday92",
        "Paymenttype": "Paymenttype92",
        "TransactionamountV": 753214169.759,
        "TransactionamountC": "Tra92",
        "Region": "Regi92",
        "Subregion": "S92",
        "Period": "P92",
        "Week": "92",
        "Fiscalyear": "Fi92",
        "Createdby": "Createdby92",
        "Lastchangedby": "Lastchange92"
    },
    {
        "transactionnum": "NDUGJPsqPq",
        "TransactionDate": "/Date(1101872093000)/",
        "Companycode": "Wcpk",
        "Zday": "Zday93",
        "Paymenttype": "Paymenttype93",
        "TransactionamountV": 303773738.443,
        "TransactionamountC": "Tra93",
        "Region": "Regi93",
        "Subregion": "S93",
        "Period": "P93",
        "Week": "93",
        "Fiscalyear": "Fi93",
        "Createdby": "Createdby93",
        "Lastchangedby": "Lastchange93"
    },
    {
        "transactionnum": "MpTKYgIfaD",
        "TransactionDate": "/Date(1071859221000)/",
        "Companycode": "pIkP",
        "Zday": "Zday94",
        "Paymenttype": "Paymenttype94",
        "TransactionamountV": 173590549.034,
        "TransactionamountC": "Tra94",
        "Region": "Regi94",
        "Subregion": "S94",
        "Period": "P94",
        "Week": "94",
        "Fiscalyear": "Fi94",
        "Createdby": "Createdby94",
        "Lastchangedby": "Lastchange94"
    },
    {
        "transactionnum": "fensGfMkUM",
        "TransactionDate": "/Date(489643961000)/",
        "Companycode": "xwJN",
        "Zday": "Zday95",
        "Paymenttype": "Paymenttype95",
        "TransactionamountV": 97014376.195,
        "TransactionamountC": "Tra95",
        "Region": "Regi95",
        "Subregion": "S95",
        "Period": "P95",
        "Week": "95",
        "Fiscalyear": "Fi95",
        "Createdby": "Createdby95",
        "Lastchangedby": "Lastchange95"
    },
    {
        "transactionnum": "WVjanNRQEA",
        "TransactionDate": "/Date(634087810000)/",
        "Companycode": "hHct",
        "Zday": "Zday96",
        "Paymenttype": "Paymenttype96",
        "TransactionamountV": 836995775.811,
        "TransactionamountC": "Tra96",
        "Region": "Regi96",
        "Subregion": "S96",
        "Period": "P96",
        "Week": "96",
        "Fiscalyear": "Fi96",
        "Createdby": "Createdby96",
        "Lastchangedby": "Lastchange96"
    },
    {
        "transactionnum": "eiQlDgjfTO",
        "TransactionDate": "/Date(1207565688000)/",
        "Companycode": "HFCt",
        "Zday": "Zday97",
        "Paymenttype": "Paymenttype97",
        "TransactionamountV": 604388323.845,
        "TransactionamountC": "Tra97",
        "Region": "Regi97",
        "Subregion": "S97",
        "Period": "P97",
        "Week": "97",
        "Fiscalyear": "Fi97",
        "Createdby": "Createdby97",
        "Lastchangedby": "Lastchange97"
    },
    {
        "transactionnum": "FMYAdDLAti",
        "TransactionDate": "/Date(517281418000)/",
        "Companycode": "RCfA",
        "Zday": "Zday98",
        "Paymenttype": "Paymenttype98",
        "TransactionamountV": 800738992.402,
        "TransactionamountC": "Tra98",
        "Region": "Regi98",
        "Subregion": "S98",
        "Period": "P98",
        "Week": "98",
        "Fiscalyear": "Fi98",
        "Createdby": "Createdby98",
        "Lastchangedby": "Lastchange98"
    },
    {
        "transactionnum": "OQKFEyhiVw",
        "TransactionDate": "/Date(600607621000)/",
        "Companycode": "ONwr",
        "Zday": "Zday99",
        "Paymenttype": "Paymenttype99",
        "TransactionamountV": 668435568.455,
        "TransactionamountC": "Tra99",
        "Region": "Regi99",
        "Subregion": "S99",
        "Period": "P99",
        "Week": "99",
        "Fiscalyear": "Fi99",
        "Createdby": "Createdby99",
        "Lastchangedby": "Lastchange99"
    },
    {
        "transactionnum": "ekqBqEYGDQ",
        "TransactionDate": "/Date(108111527000)/",
        "Companycode": "wypi",
        "Zday": "Zday100",
        "Paymenttype": "Paymenttype100",
        "TransactionamountV": 368444985.244,
        "TransactionamountC": "Tr100",
        "Region": "Reg100",
        "Subregion": "100",
        "Period": "100",
        "Week": "00",
        "Fiscalyear": "F100",
        "Createdby": "Createdby100",
        "Lastchangedby": "Lastchang100"
    }
]