[
    {
        "PaymType": "lBQApwtjYbUVMjUidPvFLCUxqqlefB"
    },
    {
        "PaymType": "ALHbFMnUWStQPZjFPWiZMmOhhRxUHf"
    },
    {
        "PaymType": "WbiPPZkXjhUTkaklWZhqsvPDyKJmEU"
    },
    {
        "PaymType": "HWsOIdyvfhxEsfEGvvIiZZSINtaqzI"
    },
    {
        "PaymType": "UjplIHFGrhDNCIDFusvXYSVafzqguR"
    },
    {
        "PaymType": "dMiBOSdQUNEnIKOmgnsDdTZqeSpsoI"
    },
    {
        "PaymType": "KqdjLGmxGIMzWRPhpQFgDFtkAsKZzw"
    },
    {
        "PaymType": "ZksjVMbtlllxDpudSNBPuYxnIElxIC"
    },
    {
        "PaymType": "VXzBSvuwYAHeuSvgabYLFfdPNhePCY"
    },
    {
        "PaymType": "mgIbsBWUoHCtrjelkMeseTcSMLKmxh"
    },
    {
        "PaymType": "wsbMHNBoYwjrIaXvOPmvJwSsFyYgfR"
    },
    {
        "PaymType": "WDBOEqJtplXkZFULMQcniNSbMQHZTg"
    },
    {
        "PaymType": "ybMirKClhDCmxsZgGSFMHxbcnfDrGK"
    },
    {
        "PaymType": "qQwzMBAOIItZxQTbODipbNVvQppROl"
    },
    {
        "PaymType": "IhkXDCGjdHdkAMRGDoyDvWtClXEFOJ"
    },
    {
        "PaymType": "CxbJUicROxvpXQbWUbxtaFhxhHwVIA"
    },
    {
        "PaymType": "gMqtkIcTRwfofnXZafYDtiEPDbJQoA"
    },
    {
        "PaymType": "qSUuusCCSsJtHuORXwSKnfYZykLERz"
    },
    {
        "PaymType": "UwucoBzrovBmZqTcwOeZKiyvyfwtzR"
    },
    {
        "PaymType": "vlkDYQjEcMfCpCNIIGkwwKwrPCRnAK"
    },
    {
        "PaymType": "VIcDzqAHINrGSwteXYBJejSQGJAaUn"
    },
    {
        "PaymType": "zHpWLPMtnnnqhnitQRUfCcZlyhyMqP"
    },
    {
        "PaymType": "SUBjWjfpupnAEnszyARnCbsivXdTxD"
    },
    {
        "PaymType": "hlAeptzmitrZjrygZyRhcNGxrNoQrP"
    },
    {
        "PaymType": "XMwQnHQsPrvOlwPifygLaksdxRrinf"
    },
    {
        "PaymType": "BMCeXFsBmyKvZkBeKOXGuhTNrtFnyH"
    },
    {
        "PaymType": "nkHheeYprpMqYPfgGmJWIsicKMbqBl"
    },
    {
        "PaymType": "RKuwIoVcUdVgLYRSvZMPOPzvRXZGZv"
    },
    {
        "PaymType": "faumXlsVAVeejMNzrTdxJjZjoHUWfu"
    },
    {
        "PaymType": "tJkNRPBxeMeMdVDKlLwjRZhQMLXABN"
    },
    {
        "PaymType": "ZjeaTxBPcJRbIDlyVOCnkouAAGVwHv"
    },
    {
        "PaymType": "IQNEqTTsRsciQrxnQeHjqFOhXCanTn"
    },
    {
        "PaymType": "kVhlqwCCdFAdwmCSAWGYUTxjXRUrHw"
    },
    {
        "PaymType": "wDGOBXActuBevnOXWTRnCwPfaBSbHd"
    },
    {
        "PaymType": "kMAUaPIbwQfYIdiqvMQpSAaLUcMrvC"
    },
    {
        "PaymType": "OLBjFwTUIihEttQgjxSNBaNoybPHyy"
    },
    {
        "PaymType": "tXbXnqFSNmBTcYNKSyZHKKxNSbrQgU"
    },
    {
        "PaymType": "juMzuznuThOpFgJGDlhxQbLhXneQhC"
    },
    {
        "PaymType": "tNcqvkMmAbyZtAKDNsAOWsgNzcxHUi"
    },
    {
        "PaymType": "bgTUDnVZjmiJrzNYvEiSOqNsHrInXR"
    },
    {
        "PaymType": "ljsmWfXGEmeYoVzeKJlGtWoZZJfGHG"
    },
    {
        "PaymType": "oSUsPoQASLdISXCnWomNOBVWMNZihZ"
    },
    {
        "PaymType": "igDWcHJVChirKqiztSodsoUxnmcNLU"
    },
    {
        "PaymType": "HjxLEMZzxCwpCufsfbTZgItqSMqHGu"
    },
    {
        "PaymType": "jicNPUNnvSKxIjJphZMgnNnKZnBFhi"
    },
    {
        "PaymType": "NtpoCaJQuEuNYSoChIpaGUjdSuSIAg"
    },
    {
        "PaymType": "xQUVZjdUrldPvJAcLEckkRSZFSlytt"
    },
    {
        "PaymType": "KEErKvnYVWtywrAnkrxNGyUNXosxiB"
    },
    {
        "PaymType": "TBrZFUhvJEmsWpHnmIMNoRrAQeMlKz"
    },
    {
        "PaymType": "oHaxAWkqFvEdvAAKiPdoPeYGOqIaRw"
    },
    {
        "PaymType": "jwhCpXBdLZfenrfnTQZGcchPerpBAQ"
    },
    {
        "PaymType": "WPDSoDHrKeJUvZJGkNkbKEgPVDLrFK"
    },
    {
        "PaymType": "SvjlEfIbbZejGqSTbSsScpFGctNdqh"
    },
    {
        "PaymType": "gtGaugMrwOUwRubAiULYNezsxeNiEw"
    },
    {
        "PaymType": "YLaodQeaheBvVlaOvlNAZOKdQUuyLI"
    },
    {
        "PaymType": "rdqQTDTQUZQbibPbOFiidqqfczugYv"
    },
    {
        "PaymType": "cmVCoVfTWjwOlIMbOWPdZbmWPgxswY"
    },
    {
        "PaymType": "YWzZEoZPmgCfkRrnexVgghIFJCqiJK"
    },
    {
        "PaymType": "edoGopgYgueqOvJfwmwwvZvyAHyPmh"
    },
    {
        "PaymType": "hdhqvfgZbvviyteJNcswLUpbpgXzkA"
    },
    {
        "PaymType": "BZvnucfTcGaJLIvKQGVyybjlqJZXDX"
    },
    {
        "PaymType": "ohVvPTDNmsqWDonpafScsDZPSQkvaa"
    },
    {
        "PaymType": "xdEseTVDiwtRTtkNgFIUzIZEulhtgs"
    },
    {
        "PaymType": "BopLqrVtYQizGovibGvVaLMUnTtLuK"
    },
    {
        "PaymType": "GJkuFQXXuucyrTWFkuBvWzpWVUTTmA"
    },
    {
        "PaymType": "kDlNovAIDSjQXEghkgmSjxowQsIbfg"
    },
    {
        "PaymType": "KbsHBGYkhOtcBYWNxiqvjHYeiOkudK"
    },
    {
        "PaymType": "OpVchDnRASDWEESjPuvLhnDRRBrEKv"
    },
    {
        "PaymType": "FcYFoFlzEpyrEXoSDbYeXGybvgaqhb"
    },
    {
        "PaymType": "wREygSlbouxtArHJNVcniGPMFpAEks"
    },
    {
        "PaymType": "tiSjKPtdFLTZVikLgBJUVAplZDJeRI"
    },
    {
        "PaymType": "mvHRBKuPrzJZPWFhpyYvSBHEiUijop"
    },
    {
        "PaymType": "ZrWbEDPdVXCCgecEWUJVlJKFzJGVUv"
    },
    {
        "PaymType": "mkoFusfWIUzqJtUvLzzouwkhhPgOvM"
    },
    {
        "PaymType": "mVlKiVfhYrBSwXvVPsqJvWQKeOJEdj"
    },
    {
        "PaymType": "SkjvkRQNmQwUltVYXhnlNPPlSUzaRL"
    },
    {
        "PaymType": "vvwwTgcosynpSvTUuqOUyfjqHOlhcK"
    },
    {
        "PaymType": "nicrSstnIAwUNvfeXuFuLWuMoqzeZH"
    },
    {
        "PaymType": "LiYsPRoDEsNmGpGtGwYKzcJbGoMDNc"
    },
    {
        "PaymType": "SQktvNbCoXHeswwqSjGdkPOAfHdBdY"
    },
    {
        "PaymType": "AVepXNaHylUtMtuljTpnWzjlHYXvyF"
    },
    {
        "PaymType": "DYBSYdhXgeIFYUpJDKDlhkSKbBenQA"
    },
    {
        "PaymType": "VexTMERoQPmjGIilHSwzEFJAMCnpkP"
    },
    {
        "PaymType": "FzruAwIDIjojYVbVNgyzntGsUDhQAZ"
    },
    {
        "PaymType": "PFNCnywcujwnttLLPbzMDvpOrmnYZq"
    },
    {
        "PaymType": "upwgFdNCHWaPlxHevqwcsUsHySqvre"
    },
    {
        "PaymType": "DFZEiKbAzrRGqhdrBQnEDfJUeYrPMk"
    },
    {
        "PaymType": "eOJRdhxjZpyyOLlbqIRdCVNAZjPcdM"
    },
    {
        "PaymType": "RfacrrbHrKpvZMDbUFJAoPmLZeviai"
    },
    {
        "PaymType": "LWJSMNLyBMCWKwIWKMJAVPhltNSIFp"
    },
    {
        "PaymType": "jfLXGFPcrbJnnbeXdhkfSagqWDsizw"
    },
    {
        "PaymType": "gToEUKUZoeUmrIEsawpFhdbuFatNTZ"
    },
    {
        "PaymType": "NViTMacRoIXCsLjBCqKhPASKSobQLz"
    },
    {
        "PaymType": "plSTDwZAhTFqoqAJlAoVCpcCJDtlBg"
    },
    {
        "PaymType": "WeNbkyOzyncgNBggkrPzkeQpBCwdPy"
    },
    {
        "PaymType": "gcdKyLeCxReqfPEWbpNBHXpVcAnduC"
    },
    {
        "PaymType": "yaWmAIxgrvPgJmzvLkpQknCyvuiKOH"
    },
    {
        "PaymType": "qwSOBDZnewcoJvpLsNVHPqnsoGSUFd"
    },
    {
        "PaymType": "JFrkgumjAmAhMKFuDWvtlSLGqEVswP"
    },
    {
        "PaymType": "KVRKxtdJkEWWwqBRtRLanDNbuoPGFK"
    }
]