[
    {
        "Period": "yDX"
    },
    {
        "Period": "NSD"
    },
    {
        "Period": "wlD"
    },
    {
        "Period": "kqt"
    },
    {
        "Period": "dJO"
    },
    {
        "Period": "RVo"
    },
    {
        "Period": "YbG"
    },
    {
        "Period": "oAu"
    },
    {
        "Period": "iVe"
    },
    {
        "Period": "JkQ"
    },
    {
        "Period": "YVD"
    },
    {
        "Period": "baV"
    },
    {
        "Period": "hCb"
    },
    {
        "Period": "IfF"
    },
    {
        "Period": "egn"
    },
    {
        "Period": "kJt"
    },
    {
        "Period": "WFb"
    },
    {
        "Period": "NEA"
    },
    {
        "Period": "yij"
    },
    {
        "Period": "bfo"
    },
    {
        "Period": "rZH"
    },
    {
        "Period": "FGS"
    },
    {
        "Period": "vTd"
    },
    {
        "Period": "oHB"
    },
    {
        "Period": "GKd"
    },
    {
        "Period": "bin"
    },
    {
        "Period": "pPq"
    },
    {
        "Period": "fGV"
    },
    {
        "Period": "vZZ"
    },
    {
        "Period": "zBg"
    },
    {
        "Period": "vzL"
    },
    {
        "Period": "kHY"
    },
    {
        "Period": "kTi"
    },
    {
        "Period": "ROp"
    },
    {
        "Period": "JNG"
    },
    {
        "Period": "dDV"
    },
    {
        "Period": "ydX"
    },
    {
        "Period": "ZaL"
    },
    {
        "Period": "yYG"
    },
    {
        "Period": "tgZ"
    },
    {
        "Period": "Cxa"
    },
    {
        "Period": "vPb"
    },
    {
        "Period": "uYc"
    },
    {
        "Period": "MQX"
    },
    {
        "Period": "Pgq"
    },
    {
        "Period": "XuX"
    },
    {
        "Period": "Xgs"
    },
    {
        "Period": "JfI"
    },
    {
        "Period": "eGs"
    },
    {
        "Period": "oCk"
    },
    {
        "Period": "nxs"
    },
    {
        "Period": "NSX"
    },
    {
        "Period": "vGH"
    },
    {
        "Period": "qPM"
    },
    {
        "Period": "vPL"
    },
    {
        "Period": "svm"
    },
    {
        "Period": "yxF"
    },
    {
        "Period": "pKV"
    },
    {
        "Period": "xpZ"
    },
    {
        "Period": "aNM"
    },
    {
        "Period": "aIK"
    },
    {
        "Period": "HSB"
    },
    {
        "Period": "FPc"
    },
    {
        "Period": "Fkt"
    },
    {
        "Period": "LsP"
    },
    {
        "Period": "Tbs"
    },
    {
        "Period": "GUU"
    },
    {
        "Period": "Fua"
    },
    {
        "Period": "ATU"
    },
    {
        "Period": "wEl"
    },
    {
        "Period": "ceu"
    },
    {
        "Period": "Brp"
    },
    {
        "Period": "hCK"
    },
    {
        "Period": "fda"
    },
    {
        "Period": "Gkm"
    },
    {
        "Period": "HRW"
    },
    {
        "Period": "NLV"
    },
    {
        "Period": "PbN"
    },
    {
        "Period": "WTg"
    },
    {
        "Period": "WVQ"
    },
    {
        "Period": "Lij"
    },
    {
        "Period": "sYQ"
    },
    {
        "Period": "AIE"
    },
    {
        "Period": "tll"
    },
    {
        "Period": "xGs"
    },
    {
        "Period": "EVI"
    },
    {
        "Period": "dGA"
    },
    {
        "Period": "txc"
    },
    {
        "Period": "OAz"
    },
    {
        "Period": "wdk"
    },
    {
        "Period": "Jwu"
    },
    {
        "Period": "Gpk"
    },
    {
        "Period": "YYm"
    },
    {
        "Period": "Qpu"
    },
    {
        "Period": "ATV"
    },
    {
        "Period": "YjM"
    },
    {
        "Period": "YOE"
    },
    {
        "Period": "AcU"
    },
    {
        "Period": "jka"
    },
    {
        "Period": "xTC"
    }
]