[
    {
        "Region": "tfvuoN",
        "SubRegion": "fPs",
        "RegionDesc": "RegionDesc1",
        "SubRegionDesc": "SubRegionDesc1"
    },
    {
        "Region": "UuqVId",
        "SubRegion": "Ofx",
        "RegionDesc": "RegionDesc2",
        "SubRegionDesc": "SubRegionDesc2"
    },
    {
        "Region": "FbTaiZ",
        "SubRegion": "ezZ",
        "RegionDesc": "RegionDesc3",
        "SubRegionDesc": "SubRegionDesc3"
    },
    {
        "Region": "YuNUuN",
        "SubRegion": "tXL",
        "RegionDesc": "RegionDesc4",
        "SubRegionDesc": "SubRegionDesc4"
    },
    {
        "Region": "mXonyM",
        "SubRegion": "dcy",
        "RegionDesc": "RegionDesc5",
        "SubRegionDesc": "SubRegionDesc5"
    },
    {
        "Region": "CqFYtR",
        "SubRegion": "UJv",
        "RegionDesc": "RegionDesc6",
        "SubRegionDesc": "SubRegionDesc6"
    },
    {
        "Region": "qxKuww",
        "SubRegion": "xfn",
        "RegionDesc": "RegionDesc7",
        "SubRegionDesc": "SubRegionDesc7"
    },
    {
        "Region": "ngrDwV",
        "SubRegion": "Edb",
        "RegionDesc": "RegionDesc8",
        "SubRegionDesc": "SubRegionDesc8"
    },
    {
        "Region": "CJtnZX",
        "SubRegion": "VQV",
        "RegionDesc": "RegionDesc9",
        "SubRegionDesc": "SubRegionDesc9"
    },
    {
        "Region": "vpXSpU",
        "SubRegion": "wLd",
        "RegionDesc": "RegionDesc10",
        "SubRegionDesc": "SubRegionDesc10"
    },
    {
        "Region": "xvwUOS",
        "SubRegion": "Ihz",
        "RegionDesc": "RegionDesc11",
        "SubRegionDesc": "SubRegionDesc11"
    },
    {
        "Region": "AobeZn",
        "SubRegion": "uzl",
        "RegionDesc": "RegionDesc12",
        "SubRegionDesc": "SubRegionDesc12"
    },
    {
        "Region": "UAFdnx",
        "SubRegion": "wfB",
        "RegionDesc": "RegionDesc13",
        "SubRegionDesc": "SubRegionDesc13"
    },
    {
        "Region": "WCMPGA",
        "SubRegion": "GUU",
        "RegionDesc": "RegionDesc14",
        "SubRegionDesc": "SubRegionDesc14"
    },
    {
        "Region": "aHoBtj",
        "SubRegion": "ysf",
        "RegionDesc": "RegionDesc15",
        "SubRegionDesc": "SubRegionDesc15"
    },
    {
        "Region": "tOAWvK",
        "SubRegion": "ioL",
        "RegionDesc": "RegionDesc16",
        "SubRegionDesc": "SubRegionDesc16"
    },
    {
        "Region": "JAivWt",
        "SubRegion": "NMY",
        "RegionDesc": "RegionDesc17",
        "SubRegionDesc": "SubRegionDesc17"
    },
    {
        "Region": "ktTXRX",
        "SubRegion": "PFt",
        "RegionDesc": "RegionDesc18",
        "SubRegionDesc": "SubRegionDesc18"
    },
    {
        "Region": "UuGWkD",
        "SubRegion": "RJF",
        "RegionDesc": "RegionDesc19",
        "SubRegionDesc": "SubRegionDesc19"
    },
    {
        "Region": "eXKqxV",
        "SubRegion": "cyD",
        "RegionDesc": "RegionDesc20",
        "SubRegionDesc": "SubRegionDesc20"
    },
    {
        "Region": "NDWbZU",
        "SubRegion": "tOe",
        "RegionDesc": "RegionDesc21",
        "SubRegionDesc": "SubRegionDesc21"
    },
    {
        "Region": "ihqPAp",
        "SubRegion": "BmW",
        "RegionDesc": "RegionDesc22",
        "SubRegionDesc": "SubRegionDesc22"
    },
    {
        "Region": "qLMKmo",
        "SubRegion": "VqE",
        "RegionDesc": "RegionDesc23",
        "SubRegionDesc": "SubRegionDesc23"
    },
    {
        "Region": "MQldEQ",
        "SubRegion": "ays",
        "RegionDesc": "RegionDesc24",
        "SubRegionDesc": "SubRegionDesc24"
    },
    {
        "Region": "trJBgz",
        "SubRegion": "tLS",
        "RegionDesc": "RegionDesc25",
        "SubRegionDesc": "SubRegionDesc25"
    },
    {
        "Region": "bftBHU",
        "SubRegion": "Gvv",
        "RegionDesc": "RegionDesc26",
        "SubRegionDesc": "SubRegionDesc26"
    },
    {
        "Region": "NcHTZU",
        "SubRegion": "CUq",
        "RegionDesc": "RegionDesc27",
        "SubRegionDesc": "SubRegionDesc27"
    },
    {
        "Region": "QZRvjh",
        "SubRegion": "IKx",
        "RegionDesc": "RegionDesc28",
        "SubRegionDesc": "SubRegionDesc28"
    },
    {
        "Region": "BUwZtS",
        "SubRegion": "fyA",
        "RegionDesc": "RegionDesc29",
        "SubRegionDesc": "SubRegionDesc29"
    },
    {
        "Region": "edvGRY",
        "SubRegion": "KAB",
        "RegionDesc": "RegionDesc30",
        "SubRegionDesc": "SubRegionDesc30"
    },
    {
        "Region": "EvBXmr",
        "SubRegion": "wfG",
        "RegionDesc": "RegionDesc31",
        "SubRegionDesc": "SubRegionDesc31"
    },
    {
        "Region": "ANLoeb",
        "SubRegion": "bwX",
        "RegionDesc": "RegionDesc32",
        "SubRegionDesc": "SubRegionDesc32"
    },
    {
        "Region": "nQUgrL",
        "SubRegion": "RBJ",
        "RegionDesc": "RegionDesc33",
        "SubRegionDesc": "SubRegionDesc33"
    },
    {
        "Region": "iEZRyp",
        "SubRegion": "CFX",
        "RegionDesc": "RegionDesc34",
        "SubRegionDesc": "SubRegionDesc34"
    },
    {
        "Region": "mNpPGY",
        "SubRegion": "vVB",
        "RegionDesc": "RegionDesc35",
        "SubRegionDesc": "SubRegionDesc35"
    },
    {
        "Region": "XCreit",
        "SubRegion": "XJn",
        "RegionDesc": "RegionDesc36",
        "SubRegionDesc": "SubRegionDesc36"
    },
    {
        "Region": "MBtZst",
        "SubRegion": "AMG",
        "RegionDesc": "RegionDesc37",
        "SubRegionDesc": "SubRegionDesc37"
    },
    {
        "Region": "HbRshW",
        "SubRegion": "EYp",
        "RegionDesc": "RegionDesc38",
        "SubRegionDesc": "SubRegionDesc38"
    },
    {
        "Region": "NNfqQA",
        "SubRegion": "AXz",
        "RegionDesc": "RegionDesc39",
        "SubRegionDesc": "SubRegionDesc39"
    },
    {
        "Region": "uPOJdn",
        "SubRegion": "cXF",
        "RegionDesc": "RegionDesc40",
        "SubRegionDesc": "SubRegionDesc40"
    },
    {
        "Region": "zgNWPg",
        "SubRegion": "LhN",
        "RegionDesc": "RegionDesc41",
        "SubRegionDesc": "SubRegionDesc41"
    },
    {
        "Region": "YyMLVt",
        "SubRegion": "EwI",
        "RegionDesc": "RegionDesc42",
        "SubRegionDesc": "SubRegionDesc42"
    },
    {
        "Region": "duPvDt",
        "SubRegion": "moL",
        "RegionDesc": "RegionDesc43",
        "SubRegionDesc": "SubRegionDesc43"
    },
    {
        "Region": "RosnrQ",
        "SubRegion": "sYr",
        "RegionDesc": "RegionDesc44",
        "SubRegionDesc": "SubRegionDesc44"
    },
    {
        "Region": "MIuCtH",
        "SubRegion": "btA",
        "RegionDesc": "RegionDesc45",
        "SubRegionDesc": "SubRegionDesc45"
    },
    {
        "Region": "FrArGj",
        "SubRegion": "CrU",
        "RegionDesc": "RegionDesc46",
        "SubRegionDesc": "SubRegionDesc46"
    },
    {
        "Region": "QIFTyI",
        "SubRegion": "eYl",
        "RegionDesc": "RegionDesc47",
        "SubRegionDesc": "SubRegionDesc47"
    },
    {
        "Region": "VyrXnF",
        "SubRegion": "fAX",
        "RegionDesc": "RegionDesc48",
        "SubRegionDesc": "SubRegionDesc48"
    },
    {
        "Region": "mtpPnx",
        "SubRegion": "PjX",
        "RegionDesc": "RegionDesc49",
        "SubRegionDesc": "SubRegionDesc49"
    },
    {
        "Region": "NnvKyk",
        "SubRegion": "ORK",
        "RegionDesc": "RegionDesc50",
        "SubRegionDesc": "SubRegionDesc50"
    },
    {
        "Region": "XIdtMS",
        "SubRegion": "tYW",
        "RegionDesc": "RegionDesc51",
        "SubRegionDesc": "SubRegionDesc51"
    },
    {
        "Region": "jTsRns",
        "SubRegion": "RfR",
        "RegionDesc": "RegionDesc52",
        "SubRegionDesc": "SubRegionDesc52"
    },
    {
        "Region": "uMniyi",
        "SubRegion": "ryp",
        "RegionDesc": "RegionDesc53",
        "SubRegionDesc": "SubRegionDesc53"
    },
    {
        "Region": "DHybFL",
        "SubRegion": "wtz",
        "RegionDesc": "RegionDesc54",
        "SubRegionDesc": "SubRegionDesc54"
    },
    {
        "Region": "TyYzhs",
        "SubRegion": "cUM",
        "RegionDesc": "RegionDesc55",
        "SubRegionDesc": "SubRegionDesc55"
    },
    {
        "Region": "LlmTCt",
        "SubRegion": "mzq",
        "RegionDesc": "RegionDesc56",
        "SubRegionDesc": "SubRegionDesc56"
    },
    {
        "Region": "jRNWnp",
        "SubRegion": "smd",
        "RegionDesc": "RegionDesc57",
        "SubRegionDesc": "SubRegionDesc57"
    },
    {
        "Region": "yLxlJU",
        "SubRegion": "jnd",
        "RegionDesc": "RegionDesc58",
        "SubRegionDesc": "SubRegionDesc58"
    },
    {
        "Region": "fJrPQW",
        "SubRegion": "eiC",
        "RegionDesc": "RegionDesc59",
        "SubRegionDesc": "SubRegionDesc59"
    },
    {
        "Region": "isiwVf",
        "SubRegion": "Stf",
        "RegionDesc": "RegionDesc60",
        "SubRegionDesc": "SubRegionDesc60"
    },
    {
        "Region": "KpAZiy",
        "SubRegion": "MVB",
        "RegionDesc": "RegionDesc61",
        "SubRegionDesc": "SubRegionDesc61"
    },
    {
        "Region": "uLSRLq",
        "SubRegion": "qcp",
        "RegionDesc": "RegionDesc62",
        "SubRegionDesc": "SubRegionDesc62"
    },
    {
        "Region": "omcAyF",
        "SubRegion": "uMu",
        "RegionDesc": "RegionDesc63",
        "SubRegionDesc": "SubRegionDesc63"
    },
    {
        "Region": "JnOOdB",
        "SubRegion": "hmi",
        "RegionDesc": "RegionDesc64",
        "SubRegionDesc": "SubRegionDesc64"
    },
    {
        "Region": "hiYwQY",
        "SubRegion": "zsh",
        "RegionDesc": "RegionDesc65",
        "SubRegionDesc": "SubRegionDesc65"
    },
    {
        "Region": "MikoBE",
        "SubRegion": "Btp",
        "RegionDesc": "RegionDesc66",
        "SubRegionDesc": "SubRegionDesc66"
    },
    {
        "Region": "ESWiYj",
        "SubRegion": "FmX",
        "RegionDesc": "RegionDesc67",
        "SubRegionDesc": "SubRegionDesc67"
    },
    {
        "Region": "mdRuNa",
        "SubRegion": "PQp",
        "RegionDesc": "RegionDesc68",
        "SubRegionDesc": "SubRegionDesc68"
    },
    {
        "Region": "CPIrRp",
        "SubRegion": "NTT",
        "RegionDesc": "RegionDesc69",
        "SubRegionDesc": "SubRegionDesc69"
    },
    {
        "Region": "ToUAVG",
        "SubRegion": "Ytw",
        "RegionDesc": "RegionDesc70",
        "SubRegionDesc": "SubRegionDesc70"
    },
    {
        "Region": "yBFwcj",
        "SubRegion": "etl",
        "RegionDesc": "RegionDesc71",
        "SubRegionDesc": "SubRegionDesc71"
    },
    {
        "Region": "iSpfvS",
        "SubRegion": "gzN",
        "RegionDesc": "RegionDesc72",
        "SubRegionDesc": "SubRegionDesc72"
    },
    {
        "Region": "sjvNmT",
        "SubRegion": "xFG",
        "RegionDesc": "RegionDesc73",
        "SubRegionDesc": "SubRegionDesc73"
    },
    {
        "Region": "KYKPIi",
        "SubRegion": "cQW",
        "RegionDesc": "RegionDesc74",
        "SubRegionDesc": "SubRegionDesc74"
    },
    {
        "Region": "BkbqbE",
        "SubRegion": "Viy",
        "RegionDesc": "RegionDesc75",
        "SubRegionDesc": "SubRegionDesc75"
    },
    {
        "Region": "SaYuKS",
        "SubRegion": "vBt",
        "RegionDesc": "RegionDesc76",
        "SubRegionDesc": "SubRegionDesc76"
    },
    {
        "Region": "wDIDYk",
        "SubRegion": "fxB",
        "RegionDesc": "RegionDesc77",
        "SubRegionDesc": "SubRegionDesc77"
    },
    {
        "Region": "cmyivi",
        "SubRegion": "tlo",
        "RegionDesc": "RegionDesc78",
        "SubRegionDesc": "SubRegionDesc78"
    },
    {
        "Region": "sxGUVh",
        "SubRegion": "sZO",
        "RegionDesc": "RegionDesc79",
        "SubRegionDesc": "SubRegionDesc79"
    },
    {
        "Region": "GVLCFA",
        "SubRegion": "Vmb",
        "RegionDesc": "RegionDesc80",
        "SubRegionDesc": "SubRegionDesc80"
    },
    {
        "Region": "ZMBazV",
        "SubRegion": "MEa",
        "RegionDesc": "RegionDesc81",
        "SubRegionDesc": "SubRegionDesc81"
    },
    {
        "Region": "sjUvTS",
        "SubRegion": "iNC",
        "RegionDesc": "RegionDesc82",
        "SubRegionDesc": "SubRegionDesc82"
    },
    {
        "Region": "YGxAFu",
        "SubRegion": "QuE",
        "RegionDesc": "RegionDesc83",
        "SubRegionDesc": "SubRegionDesc83"
    },
    {
        "Region": "xptZwh",
        "SubRegion": "QPX",
        "RegionDesc": "RegionDesc84",
        "SubRegionDesc": "SubRegionDesc84"
    },
    {
        "Region": "ncjBAw",
        "SubRegion": "rKm",
        "RegionDesc": "RegionDesc85",
        "SubRegionDesc": "SubRegionDesc85"
    },
    {
        "Region": "tuSkto",
        "SubRegion": "mHz",
        "RegionDesc": "RegionDesc86",
        "SubRegionDesc": "SubRegionDesc86"
    },
    {
        "Region": "KEjgFO",
        "SubRegion": "kWH",
        "RegionDesc": "RegionDesc87",
        "SubRegionDesc": "SubRegionDesc87"
    },
    {
        "Region": "pDWkVT",
        "SubRegion": "Rgk",
        "RegionDesc": "RegionDesc88",
        "SubRegionDesc": "SubRegionDesc88"
    },
    {
        "Region": "grYcAL",
        "SubRegion": "Lwg",
        "RegionDesc": "RegionDesc89",
        "SubRegionDesc": "SubRegionDesc89"
    },
    {
        "Region": "lZmGhy",
        "SubRegion": "ljY",
        "RegionDesc": "RegionDesc90",
        "SubRegionDesc": "SubRegionDesc90"
    },
    {
        "Region": "thlplM",
        "SubRegion": "fgV",
        "RegionDesc": "RegionDesc91",
        "SubRegionDesc": "SubRegionDesc91"
    },
    {
        "Region": "mhavEl",
        "SubRegion": "WyQ",
        "RegionDesc": "RegionDesc92",
        "SubRegionDesc": "SubRegionDesc92"
    },
    {
        "Region": "UupFcr",
        "SubRegion": "KOP",
        "RegionDesc": "RegionDesc93",
        "SubRegionDesc": "SubRegionDesc93"
    },
    {
        "Region": "dXSSQI",
        "SubRegion": "Qwi",
        "RegionDesc": "RegionDesc94",
        "SubRegionDesc": "SubRegionDesc94"
    },
    {
        "Region": "EIfurQ",
        "SubRegion": "glv",
        "RegionDesc": "RegionDesc95",
        "SubRegionDesc": "SubRegionDesc95"
    },
    {
        "Region": "dxTuYe",
        "SubRegion": "xie",
        "RegionDesc": "RegionDesc96",
        "SubRegionDesc": "SubRegionDesc96"
    },
    {
        "Region": "HZhtyR",
        "SubRegion": "HTX",
        "RegionDesc": "RegionDesc97",
        "SubRegionDesc": "SubRegionDesc97"
    },
    {
        "Region": "Ehebwx",
        "SubRegion": "gqc",
        "RegionDesc": "RegionDesc98",
        "SubRegionDesc": "SubRegionDesc98"
    },
    {
        "Region": "DFdbNz",
        "SubRegion": "hdw",
        "RegionDesc": "RegionDesc99",
        "SubRegionDesc": "SubRegionDesc99"
    },
    {
        "Region": "TREKqL",
        "SubRegion": "GNk",
        "RegionDesc": "RegionDesc100",
        "SubRegionDesc": "SubRegionDesc100"
    }
]