[
    {
        "Week": "fRveMtWQMtHxLgfOcDzpCJQpXZdivL"
    },
    {
        "Week": "gBPpjblgqrzhIWOuoyUYfgBuVAUwuq"
    },
    {
        "Week": "LrMQchTpXTVdPwBkIPxyivfemKXERf"
    },
    {
        "Week": "uVPSpKZrdyitnyxMonsPAOXZVPvoge"
    },
    {
        "Week": "NjYMMEQMKgeecQqwAJseQAlMqYTpMv"
    },
    {
        "Week": "ElIDSuVBiteZmwCbVhMUXLgavssMYh"
    },
    {
        "Week": "RnWPElgiSjpkjLYPFIOZdmASPTYexq"
    },
    {
        "Week": "YkSPCNepVsTUWHDLEQSwJvbObNYaLA"
    },
    {
        "Week": "LSCrPOcdIrgFhjSTWVvHnpQryfyEoe"
    },
    {
        "Week": "HNYIoZBUZbNrbhWJfYvgrQumfzSbAy"
    },
    {
        "Week": "LMSzwwWlFsHWvjhbTQWbUCraxPExnn"
    },
    {
        "Week": "nAoDXHJHwdSlgIvmvVbdVyXsAFjhpA"
    },
    {
        "Week": "qHUfLxYnsATGJSWDsHShtzVcPKUGAg"
    },
    {
        "Week": "VCbzrwuKYqcWfkOTrRASlCKIEcuBuy"
    },
    {
        "Week": "kCqdejCPCZaLmVqOVvmstLOIVLDaYt"
    },
    {
        "Week": "OnOHkPklGAHKatFGuJRhAIMaQsIKkY"
    },
    {
        "Week": "ynBscfLoIkXbnqQOkOtfaKiIDOEgvm"
    },
    {
        "Week": "oTnbxfaGUKNdnCwTPHpAdJsXWsEPUs"
    },
    {
        "Week": "JZOdaqSOZQxoNgxBfwaYTBuiJQNUVn"
    },
    {
        "Week": "JAnIYphsSeNPQGbkHJkyBxJuimVVDi"
    },
    {
        "Week": "zdDQZVTEnDcMsxwNzRXrbMWMGXsDGX"
    },
    {
        "Week": "LstRkqbsuDwQMuPNVEiPoxfboWeRJU"
    },
    {
        "Week": "NyhRJFCRZneuGwshFkfTLafmkrqVwW"
    },
    {
        "Week": "fyuWuddpDkfpdsXionXqTOMXclDIud"
    },
    {
        "Week": "EaGkhgRfHqpahhBEYvPecpqpQzDNcy"
    },
    {
        "Week": "UWxPvhxkTZSkMsvsWrXGqmHGJwcNmV"
    },
    {
        "Week": "ojcdfLeUDmvppoyWlKpHQEJezYuhMX"
    },
    {
        "Week": "HUlwnbyFeNHfSdkayjdqdpwTpDGDxY"
    },
    {
        "Week": "yLtfdnPcmLzEqNacgsJLaWXlCvhwZX"
    },
    {
        "Week": "hGLAYVSoFiuubmEgKXgIfKewZYmlpL"
    },
    {
        "Week": "WurwykoBpRiWLWznIcVahzInbIxbXs"
    },
    {
        "Week": "mmdaZkdrpqdEPdWRZMurwWLPgwaJsn"
    },
    {
        "Week": "PLYpBzVxjjjzEUeEgzYEhyTFgqbUOx"
    },
    {
        "Week": "kZCuUUmvuWynXiDWZRfQxYvplvpAza"
    },
    {
        "Week": "BlnngKoTrzjTTgLFONqhcwYeEqVxKp"
    },
    {
        "Week": "heuAJoHvUdQAycAnhlVbIbEJoeGkPc"
    },
    {
        "Week": "VMgKVVGBrRfSBNNugULDdTdcmhooll"
    },
    {
        "Week": "ZNrbQzNHUZLQTcCYpBujBawrKhBFuW"
    },
    {
        "Week": "noHytYlGBfLKzYlKKmMQDwOjQBuJpk"
    },
    {
        "Week": "KAxRQbYaroNGhiMrIEpaVnKXIJfSCr"
    },
    {
        "Week": "cbXbxlgrNQvpyGBDTlzcvpoSSUhwvs"
    },
    {
        "Week": "zTfJUISXtWCUIsXpZChZTaXZKvsWFh"
    },
    {
        "Week": "feeesWwYymigRKKAknBjKALgAcDdnz"
    },
    {
        "Week": "eUywshzmDliwBFwlhwjGDxCEgKgHpX"
    },
    {
        "Week": "AojmRsfkDmSZNJUqrRbYXrVUTOMwRX"
    },
    {
        "Week": "NtgANLRCsLLZcnYdOGKrMfFvQjpSvV"
    },
    {
        "Week": "xZUrLjbbEWvXvmVmGHdGojXIHcRgrm"
    },
    {
        "Week": "PzBPTEWEcCoVOjMAahjcueIZzWlIfj"
    },
    {
        "Week": "hCpWUBsyEmyfNeXGYfiTDOhWacBtxG"
    },
    {
        "Week": "ksOHvRJZUVdSlshEjfIIQadoFrqdcr"
    },
    {
        "Week": "JWsHuFFluXSVIJqqAceWXvTywUcmVc"
    },
    {
        "Week": "KlIMNPOesmeqRwMffhoBMopAUvztLh"
    },
    {
        "Week": "agkMeAixNBHcRYbCCqyXKkToRBzMRZ"
    },
    {
        "Week": "KCWdiVazLkYeUVKgbVGOqRinuagYGC"
    },
    {
        "Week": "CvPozIefCgqjKAClgskqmpPzdjEpFK"
    },
    {
        "Week": "lyagsQWRwupEzvUBSgmLnfKDmyKLsE"
    },
    {
        "Week": "ExmkQNcZdXmMgoLKniUxdpoOzhYYMn"
    },
    {
        "Week": "gkdDlokACgqIFHoZoWXIvYYUJAKAAB"
    },
    {
        "Week": "uFilqLtWRvcYANWxMmEMLKqeDvWvhJ"
    },
    {
        "Week": "NrTrMzIafTIlwdyvRapjfrELaFJBid"
    },
    {
        "Week": "clAdZwakcLFXiDCKHLiisbSWSvVzTz"
    },
    {
        "Week": "pWOZGVPOUuuepfkGuTcqPQuSGEcXsE"
    },
    {
        "Week": "eayOfAPYjWffcPvPEhqvlCBkolxxYd"
    },
    {
        "Week": "UWcbPdminoNXlCPVSxBKnOgUukhfxY"
    },
    {
        "Week": "sFCcManOMFHofPvjZnJdUaupaudRZT"
    },
    {
        "Week": "mNAebdgIcBPZIsQvRemtgJvDdgjVvE"
    },
    {
        "Week": "jNiFpTtrXejhgkXdWdWOSWBNIGVCML"
    },
    {
        "Week": "ioWCNZVdSgSKGeysRMXZnhABZIUWkT"
    },
    {
        "Week": "RUAaqDkybLRGiNAYIFBLFwAgODzAwV"
    },
    {
        "Week": "inJAwaNoGygKVnsMvPVZGmpsFuBPiE"
    },
    {
        "Week": "TNmAcVcvObsgrJpSzaPUYwjFEQwLUa"
    },
    {
        "Week": "RBrxsKoLVDRJSEFJYnHsZLLTRkKNAa"
    },
    {
        "Week": "CoLbPwewHegELFcTfnsliLsZILQgID"
    },
    {
        "Week": "SGAOCQXDhiZXBWCnBwVQvaYVaduhbz"
    },
    {
        "Week": "FKlIZhKOOFXUwdlZmMEORXYzRHlYAE"
    },
    {
        "Week": "dzdinEycblOnnhZzAnMgRFHFmoLZdO"
    },
    {
        "Week": "QWlAPERXjfxcJiSqBayUKfPObBkGWm"
    },
    {
        "Week": "mcdGQGawWttVPHPDYAbDmWMNAWJmPy"
    },
    {
        "Week": "HXkUVGFGXinGMYyKvnsCBrtScJEiFQ"
    },
    {
        "Week": "sZdYdOyIzLjaaeQyzkBPJsIrTZslZl"
    },
    {
        "Week": "mvUsEwZXMNsUgaaeBKfIwIfDpjFDgs"
    },
    {
        "Week": "aiqVnVpmTjUZXwxeUAvrAwFNIltRHR"
    },
    {
        "Week": "pDStdKdvLsDzqgSJvBBWSMVfqLEscC"
    },
    {
        "Week": "ZugIdqBueObwoklyZBCOsuluCCjbZK"
    },
    {
        "Week": "pdauUeBmiXdPxIFAZeWiNJjjqKDaee"
    },
    {
        "Week": "tuRmZCAazEHzckWPdjVqJWfGfsyAjy"
    },
    {
        "Week": "fDLDUSAlotqnRYphNpJfXzTPsPSepK"
    },
    {
        "Week": "wJfBZwWjcraYRfFAmKjXINqcDHUmie"
    },
    {
        "Week": "gxUekRVXofLHhajzKLbelkNQNGLGnr"
    },
    {
        "Week": "mwpKiBBGfreuycEMlHLkqCwAfITwRi"
    },
    {
        "Week": "xAEgLfisMwpbSNGqwvnylasoSALqhX"
    },
    {
        "Week": "lmzjysbhVHKniqiHlDDtVQfQeXwQEq"
    },
    {
        "Week": "oCfdAduZLTtfXcZNxmacGwAVzbbgxS"
    },
    {
        "Week": "xuXQNXgEphsKMWEoVzyTwqOqOVrqTQ"
    },
    {
        "Week": "fZAaGcINQjCzdgQxMmpdsZdAgAWSpw"
    },
    {
        "Week": "gQRUptIAcUDVxloSFZPwbsbydiXiZS"
    },
    {
        "Week": "mFkfaZWKHQETgoTnNkihxgIiMHgytK"
    },
    {
        "Week": "lzKoDSIrNzPlVZWvKhtFOupxIrBGVz"
    },
    {
        "Week": "KIxwMRRvDCDxfoWmbrtmINwrhIEmqR"
    },
    {
        "Week": "oybFLvbWdFgvOEpJUepZfJHvEjGXjl"
    }
]