<?xml version="1.0" encoding="utf-8"?>
<edmx:Edmx Version="1.0" xmlns:edmx="http://schemas.microsoft.com/ado/2007/06/edmx" xmlns:m="http://schemas.microsoft.com/ado/2007/08/dataservices/metadata" xmlns:sap="http://www.sap.com/Protocols/SAPData">
    <edmx:Reference Uri="https://sap/opu/odata/IWFND/CATALOGSERVICE;v=2/Vocabularies(TechnicalName='%2FIWBEP%2FVOC_COMMON',Version='0001',SAP__Origin='')/$value" xmlns:edmx="http://docs.oasis-open.org/odata/ns/edmx">
        <edmx:Include Namespace="com.sap.vocabularies.Common.v1" Alias="Common"/>
    </edmx:Reference>
    <edmx:Reference Uri="https://sap/opu/odata/IWFND/CATALOGSERVICE;v=2/Vocabularies(TechnicalName='%2FIWBEP%2FVOC_CAPABILITIES',Version='0001',SAP__Origin='')/$value" xmlns:edmx="http://docs.oasis-open.org/odata/ns/edmx">
        <edmx:Include Namespace="Org.OData.Capabilities.V1" Alias="Capabilities"/>
    </edmx:Reference>
    <edmx:Reference Uri="https://sap/opu/odata/IWFND/CATALOGSERVICE;v=2/Vocabularies(TechnicalName='%2FIWBEP%2FVOC_COMMUNICATION',Version='0001',SAP__Origin='')/$value" xmlns:edmx="http://docs.oasis-open.org/odata/ns/edmx">
        <edmx:Include Namespace="com.sap.vocabularies.Communication.v1" Alias="Communication"/>
    </edmx:Reference>
    <edmx:Reference Uri="https://sap/opu/odata/IWFND/CATALOGSERVICE;v=2/Vocabularies(TechnicalName='%2FIWBEP%2FVOC_AGGREGATION',Version='0001',SAP__Origin='')/$value" xmlns:edmx="http://docs.oasis-open.org/odata/ns/edmx">
        <edmx:Include Namespace="Org.OData.Aggregation.V1" Alias="Aggregation"/>
    </edmx:Reference>
    <edmx:Reference Uri="https://sap/opu/odata/IWFND/CATALOGSERVICE;v=2/Vocabularies(TechnicalName='%2FIWBEP%2FVOC_PERSONALDATA',Version='0001',SAP__Origin='')/$value" xmlns:edmx="http://docs.oasis-open.org/odata/ns/edmx">
        <edmx:Include Namespace="com.sap.vocabularies.PersonalData.v1" Alias="PersonalData"/>
    </edmx:Reference>
    <edmx:DataServices m:DataServiceVersion="2.0">
        <Schema Namespace="cds_zz1_ui_tkg_jv_bank_01" xml:lang="en" sap:schema-version="1" xmlns="http://schemas.microsoft.com/ado/2008/09/edm">
            <EntityType Name="JVBANKType" sap:label="JV Banking Sheet Data Source" sap:content-version="1">
                <Key>
                    <PropertyRef Name="transactionnum"/>
                    <PropertyRef Name="TransactionDate"/>
                    <PropertyRef Name="Companycode"/>
                </Key>
                <Property Name="transactionnum" Type="Edm.String" Nullable="false" MaxLength="10" sap:label="Transaction Number" sap:quickinfo="RxWorks Transaction Number"/>
                <Property Name="TransactionDate" Type="Edm.DateTime" Nullable="false" Precision="0" sap:display-format="Date" sap:label="Transaction Date"/>
                <Property Name="Companycode" Type="Edm.String" Nullable="false" MaxLength="4" sap:display-format="UpperCase" sap:label="Company Code" sap:value-list="standard"/>
                <Property Name="Zday" Type="Edm.String" MaxLength="15" sap:label="Day"/>
                <Property Name="Paymenttype" Type="Edm.String" MaxLength="30" sap:label="Payment Type" sap:value-list="fixed-values"/>
                <Property Name="TransactionamountV" Type="Edm.Decimal" Precision="12" Scale="3" sap:unit="TransactionamountC" sap:label="Transaction Amnt" sap:quickinfo="Trans Amount"/>
                <Property Name="TransactionamountC" Type="Edm.String" MaxLength="5" sap:label="Transaction Currency" sap:quickinfo="Currency Key" sap:semantics="currency-code"/>
                <Property Name="Region" Type="Edm.String" MaxLength="6" sap:display-format="UpperCase" sap:label="Region" sap:quickinfo="Sales District" sap:value-list="standard"/>
                <Property Name="Subregion" Type="Edm.String" MaxLength="3" sap:display-format="UpperCase" sap:label="Subregion" sap:quickinfo="Area" sap:value-list="standard"/>
                <Property Name="Period" Type="Edm.String" MaxLength="3" sap:display-format="NonNegative" sap:label="Period" sap:quickinfo="Posting period" sap:value-list="fixed-values"/>
                <Property Name="Week" Type="Edm.String" MaxLength="2" sap:display-format="NonNegative" sap:label="Week" sap:value-list="fixed-values"/>
                <Property Name="Fiscalyear" Type="Edm.String" MaxLength="4" sap:display-format="NonNegative" sap:label="Fiscal Year"/>
                <Property Name="Createdby" Type="Edm.String" MaxLength="12" sap:display-format="UpperCase" sap:label="User Name"/>
                <!-- <Property Name="Createdat" Type="Edm.DateTimeOffset" Precision="7" sap:label="Time Stamp" sap:quickinfo="UTC Time Stamp in Long Form (YYYYMMDDhhmmssmmmuuun)"/> -->
                <Property Name="Lastchangedby" Type="Edm.String" MaxLength="12" sap:display-format="UpperCase" sap:label="User Name"/>
                <!-- <Property Name="Lastchangedat" Type="Edm.DateTimeOffset" Precision="7" sap:label="Time Stamp" sap:quickinfo="UTC Time Stamp in Long Form (YYYYMMDDhhmmssmmmuuun)"/> -->
                <NavigationProperty Name="to_CompanyCode" Relationship="cds_zz1_ui_tkg_jv_bank_01.assoc_DEAE11B84E1D7F4649548693A1CB347D" FromRole="FromRole_assoc_DEAE11B84E1D7F4649548693A1CB347D" ToRole="ToRole_assoc_DEAE11B84E1D7F4649548693A1CB347D"/>
                <NavigationProperty Name="to_PaymType" Relationship="cds_zz1_ui_tkg_jv_bank_01.assoc_037AAE5B211198B966D3FBB63A07453E" FromRole="FromRole_assoc_037AAE5B211198B966D3FBB63A07453E" ToRole="ToRole_assoc_037AAE5B211198B966D3FBB63A07453E"/>
                <NavigationProperty Name="to_Period" Relationship="cds_zz1_ui_tkg_jv_bank_01.assoc_3641F70ED57CA7CA771CCA4208796B42" FromRole="FromRole_assoc_3641F70ED57CA7CA771CCA4208796B42" ToRole="ToRole_assoc_3641F70ED57CA7CA771CCA4208796B42"/>
                <NavigationProperty Name="to_Region" Relationship="cds_zz1_ui_tkg_jv_bank_01.assoc_0698A70D59CDD1F9E06548C5639431A4" FromRole="FromRole_assoc_0698A70D59CDD1F9E06548C5639431A4" ToRole="ToRole_assoc_0698A70D59CDD1F9E06548C5639431A4"/>
                <NavigationProperty Name="to_Week" Relationship="cds_zz1_ui_tkg_jv_bank_01.assoc_EAF542C870811EADCB6B8C0F9558DA44" FromRole="FromRole_assoc_EAF542C870811EADCB6B8C0F9558DA44" ToRole="ToRole_assoc_EAF542C870811EADCB6B8C0F9558DA44"/>
            </EntityType>
            <!-- <EntityType Name="CompanyCodeType" sap:label="RxWorks Company Code Valuehelp" sap:content-version="1">
                <Key>
                    <PropertyRef Name="Companycode"/>
                </Key>
                <Property Name="Companycode" Type="Edm.String" Nullable="false" MaxLength="4" sap:display-format="UpperCase" sap:label="Company Code"/>
                <Property Name="CompanyCodeText" Type="Edm.String" MaxLength="25" sap:label="Company Name" sap:quickinfo="Name of Company Code or Company"/>
            </EntityType>
            <EntityType Name="PaymTypeType" sap:label="Description of Payment Type" sap:content-version="1" visible = "false">
                <Key>
                    <PropertyRef Name="PaymType"/>
                </Key>
                <Property Name="PaymType" Type="Edm.String" Nullable="false" MaxLength="30" sap:label="Value" sap:quickinfo="Takings parameter value"/>
            </EntityType>
            <EntityType Name="PeriodType" sap:label="Value help for Period" sap:content-version="1">
                <Key>
                    <PropertyRef Name="Period"/>
                </Key>
                <Property Name="Period" Type="Edm.String" Nullable="false" MaxLength="3" sap:display-format="NonNegative" sap:label="Fiscal Period"/>
            </EntityType>
            <EntityType Name="RegionType" sap:label="Value help for Region and subregion" sap:content-version="1">
                <Key>
                    <PropertyRef Name="Region"/>
                    <PropertyRef Name="SubRegion"/>
                </Key>
                <Property Name="Region" Type="Edm.String" Nullable="false" MaxLength="6" sap:display-format="UpperCase" sap:label="Region" sap:quickinfo="Sales District"/>
                <Property Name="SubRegion" Type="Edm.String" Nullable="false" MaxLength="3" sap:display-format="UpperCase" sap:label="SubRegion" sap:quickinfo="Area"/>
                <Property Name="RegionDesc" Type="Edm.String" MaxLength="20" sap:label="Region Desc" sap:quickinfo="Name of the district"/>
                <Property Name="SubRegionDesc" Type="Edm.String" MaxLength="20" sap:label="SubRegion Desc" sap:quickinfo="Description"/>
            </EntityType>
            <EntityType Name="WeekType" sap:label="Takings Week Range" sap:content-version="1">
                <Key>
                    <PropertyRef Name="Week"/>
                </Key>
                <Property Name="Week" Type="Edm.String" Nullable="false" MaxLength="30" sap:label="Value" sap:quickinfo="Takings parameter value"/>
            </EntityType>
            <Association Name="assoc_037AAE5B211198B966D3FBB63A07453E" sap:content-version="1">
                <End Type="cds_zz1_ui_tkg_jv_bank_01.JVBANKType" Multiplicity="1" Role="FromRole_assoc_037AAE5B211198B966D3FBB63A07453E"/>
                <End Type="cds_zz1_ui_tkg_jv_bank_01.PaymTypeType" Multiplicity="0..1" Role="ToRole_assoc_037AAE5B211198B966D3FBB63A07453E"/>
            </Association>
            <Association Name="assoc_3641F70ED57CA7CA771CCA4208796B42" sap:content-version="1">
                <End Type="cds_zz1_ui_tkg_jv_bank_01.JVBANKType" Multiplicity="1" Role="FromRole_assoc_3641F70ED57CA7CA771CCA4208796B42"/>
                <End Type="cds_zz1_ui_tkg_jv_bank_01.PeriodType" Multiplicity="0..1" Role="ToRole_assoc_3641F70ED57CA7CA771CCA4208796B42"/>
            </Association>
            <Association Name="assoc_0698A70D59CDD1F9E06548C5639431A4" sap:content-version="1">
                <End Type="cds_zz1_ui_tkg_jv_bank_01.JVBANKType" Multiplicity="1" Role="FromRole_assoc_0698A70D59CDD1F9E06548C5639431A4"/>
                <End Type="cds_zz1_ui_tkg_jv_bank_01.RegionType" Multiplicity="0..1" Role="ToRole_assoc_0698A70D59CDD1F9E06548C5639431A4"/>
            </Association>
            <Association Name="assoc_EAF542C870811EADCB6B8C0F9558DA44" sap:content-version="1">
                <End Type="cds_zz1_ui_tkg_jv_bank_01.JVBANKType" Multiplicity="1" Role="FromRole_assoc_EAF542C870811EADCB6B8C0F9558DA44"/>
                <End Type="cds_zz1_ui_tkg_jv_bank_01.WeekType" Multiplicity="0..1" Role="ToRole_assoc_EAF542C870811EADCB6B8C0F9558DA44"/>
            </Association>
            <Association Name="assoc_DEAE11B84E1D7F4649548693A1CB347D" sap:content-version="1">
                <End Type="cds_zz1_ui_tkg_jv_bank_01.JVBANKType" Multiplicity="1" Role="FromRole_assoc_DEAE11B84E1D7F4649548693A1CB347D"/>
                <End Type="cds_zz1_ui_tkg_jv_bank_01.CompanyCodeType" Multiplicity="0..1" Role="ToRole_assoc_DEAE11B84E1D7F4649548693A1CB347D"/>
            </Association> -->
            <EntityContainer Name="cds_zz1_ui_tkg_jv_bank_01_Entities" m:IsDefaultEntityContainer="true" sap:message-scope-supported="true" sap:supported-formats="atom json xlsx">
                <EntitySet Name="JVBANK" EntityType="cds_zz1_ui_tkg_jv_bank_01.JVBANKType" sap:searchable="true" sap:content-version="1"/>
                <!-- <EntitySet Name="CompanyCode" EntityType="cds_zz1_ui_tkg_jv_bank_01.CompanyCodeType" sap:creatable="false" sap:updatable="false" sap:deletable="false" sap:content-version="1"/>
                <EntitySet Name="PaymType" EntityType="cds_zz1_ui_tkg_jv_bank_01.PaymTypeType" sap:creatable="false" sap:updatable="false" sap:deletable="false" sap:content-version="1"/>
                <EntitySet Name="Period" EntityType="cds_zz1_ui_tkg_jv_bank_01.PeriodType" sap:creatable="false" sap:updatable="false" sap:deletable="false" sap:content-version="1"/>
                <EntitySet Name="Region" EntityType="cds_zz1_ui_tkg_jv_bank_01.RegionType" sap:creatable="false" sap:updatable="false" sap:deletable="false" sap:content-version="1"/>
                <EntitySet Name="Week" EntityType="cds_zz1_ui_tkg_jv_bank_01.WeekType" sap:creatable="false" sap:updatable="false" sap:deletable="false" sap:content-version="1"/> -->
                <!-- <AssociationSet Name="assoc_DEAE11B84E1D7F4649548693A1CB347D" Association="cds_zz1_ui_tkg_jv_bank_01.assoc_DEAE11B84E1D7F4649548693A1CB347D" sap:creatable="false" sap:updatable="false" sap:deletable="false" sap:content-version="1">
                    <End EntitySet="JVBANK" Role="FromRole_assoc_DEAE11B84E1D7F4649548693A1CB347D"/>
                    <End EntitySet="CompanyCode" Role="ToRole_assoc_DEAE11B84E1D7F4649548693A1CB347D"/>
                </AssociationSet>
                <AssociationSet Name="assoc_3641F70ED57CA7CA771CCA4208796B42" Association="cds_zz1_ui_tkg_jv_bank_01.assoc_3641F70ED57CA7CA771CCA4208796B42" sap:creatable="false" sap:updatable="false" sap:deletable="false" sap:content-version="1">
                    <End EntitySet="JVBANK" Role="FromRole_assoc_3641F70ED57CA7CA771CCA4208796B42"/>
                    <End EntitySet="Period" Role="ToRole_assoc_3641F70ED57CA7CA771CCA4208796B42"/>
                </AssociationSet>
                <AssociationSet Name="assoc_EAF542C870811EADCB6B8C0F9558DA44" Association="cds_zz1_ui_tkg_jv_bank_01.assoc_EAF542C870811EADCB6B8C0F9558DA44" sap:creatable="false" sap:updatable="false" sap:deletable="false" sap:content-version="1">
                    <End EntitySet="JVBANK" Role="FromRole_assoc_EAF542C870811EADCB6B8C0F9558DA44"/>
                    <End EntitySet="Week" Role="ToRole_assoc_EAF542C870811EADCB6B8C0F9558DA44"/>
                </AssociationSet>
                <AssociationSet Name="assoc_037AAE5B211198B966D3FBB63A07453E" Association="cds_zz1_ui_tkg_jv_bank_01.assoc_037AAE5B211198B966D3FBB63A07453E" sap:creatable="false" sap:updatable="false" sap:deletable="false" sap:content-version="1">
                    <End EntitySet="JVBANK" Role="FromRole_assoc_037AAE5B211198B966D3FBB63A07453E"/>
                    <End EntitySet="PaymType" Role="ToRole_assoc_037AAE5B211198B966D3FBB63A07453E"/>
                </AssociationSet>
                <AssociationSet Name="assoc_0698A70D59CDD1F9E06548C5639431A4" Association="cds_zz1_ui_tkg_jv_bank_01.assoc_0698A70D59CDD1F9E06548C5639431A4" sap:creatable="false" sap:updatable="false" sap:deletable="false" sap:content-version="1">
                    <End EntitySet="JVBANK" Role="FromRole_assoc_0698A70D59CDD1F9E06548C5639431A4"/>
                    <End EntitySet="Region" Role="ToRole_assoc_0698A70D59CDD1F9E06548C5639431A4"/>
                </AssociationSet> -->
            </EntityContainer>
            <!-- <Annotations Target="cds_zz1_ui_tkg_jv_bank_01.JVBANKType/Companycode" xmlns="http://docs.oasis-open.org/odata/ns/edm">
                <Annotation Term="Common.ValueList">
                    <Record>
                        <PropertyValue Property="Label" String="RxWorks Company Code Valuehelp"/>
                        <PropertyValue Property="CollectionPath" String="CompanyCode"/>
                        <PropertyValue Property="SearchSupported" Bool="false"/>
                        <PropertyValue Property="Parameters">
                            <Collection>
                                <Record Type="Common.ValueListParameterInOut">
                                    <PropertyValue Property="LocalDataProperty" PropertyPath="Companycode"/>
                                    <PropertyValue Property="ValueListProperty" String="Companycode"/>
                                </Record>
                                <Record Type="Common.ValueListParameterDisplayOnly">
                                    <PropertyValue Property="ValueListProperty" String="CompanyCodeText"/>
                                </Record>
                            </Collection>
                        </PropertyValue>
                    </Record>
                </Annotation>
                <Annotation Term="Common.FieldControl" EnumMember="Common.FieldControlType/Mandatory"/>
            </Annotations> -->
            <!-- <Annotations Target="cds_zz1_ui_tkg_jv_bank_01.JVBANKType/Paymenttype" xmlns="http://docs.oasis-open.org/odata/ns/edm">
                <Annotation Term="Common.ValueList">
                    <Record>
                        <PropertyValue Property="Label" String="Description of Payment Type"/>
                        <PropertyValue Property="CollectionPath" String="PaymType"/>
                        <PropertyValue Property="SearchSupported" Bool="false"/>
                        <PropertyValue Property="Parameters">
                            <Collection>
                                <Record Type="Common.ValueListParameterInOut">
                                    <PropertyValue Property="LocalDataProperty" PropertyPath="Paymenttype"/>
                                    <PropertyValue Property="ValueListProperty" String="PaymType"/>
                                </Record>
                            </Collection>
                        </PropertyValue>
                    </Record>
                </Annotation>
            </Annotations> -->
            <!-- <Annotations Target="cds_zz1_ui_tkg_jv_bank_01.JVBANKType/Region" xmlns="http://docs.oasis-open.org/odata/ns/edm">
                <Annotation Term="Common.ValueList">
                    <Record>
                        <PropertyValue Property="Label" String="Value help for Region and subregion"/>
                        <PropertyValue Property="CollectionPath" String="Region"/>
                        <PropertyValue Property="SearchSupported" Bool="false"/>
                        <PropertyValue Property="Parameters">
                            <Collection>
                                <Record Type="Common.ValueListParameterInOut">
                                    <PropertyValue Property="LocalDataProperty" PropertyPath="Region"/>
                                    <PropertyValue Property="ValueListProperty" String="Region"/>
                                </Record>
                                <Record Type="Common.ValueListParameterInOut">
                                    <PropertyValue Property="LocalDataProperty" PropertyPath="Subregion"/>
                                    <PropertyValue Property="ValueListProperty" String="SubRegion"/>
                                </Record>
                                <Record Type="Common.ValueListParameterDisplayOnly">
                                    <PropertyValue Property="ValueListProperty" String="RegionDesc"/>
                                </Record>
                                <Record Type="Common.ValueListParameterDisplayOnly">
                                    <PropertyValue Property="ValueListProperty" String="SubRegionDesc"/>
                                </Record>
                            </Collection>
                        </PropertyValue>
                    </Record>
                </Annotation>
            </Annotations> -->
            <!-- <Annotations Target="cds_zz1_ui_tkg_jv_bank_01.JVBANKType/Subregion" xmlns="http://docs.oasis-open.org/odata/ns/edm">
                <Annotation Term="Common.ValueList">
                    <Record>
                        <PropertyValue Property="Label" String="Value help for Region and subregion"/>
                        <PropertyValue Property="CollectionPath" String="Region"/>
                        <PropertyValue Property="SearchSupported" Bool="false"/>
                        <PropertyValue Property="Parameters">
                            <Collection>
                                <Record Type="Common.ValueListParameterInOut">
                                    <PropertyValue Property="LocalDataProperty" PropertyPath="Region"/>
                                    <PropertyValue Property="ValueListProperty" String="Region"/>
                                </Record>
                                <Record Type="Common.ValueListParameterInOut">
                                    <PropertyValue Property="LocalDataProperty" PropertyPath="Subregion"/>
                                    <PropertyValue Property="ValueListProperty" String="SubRegion"/>
                                </Record>
                                <Record Type="Common.ValueListParameterDisplayOnly">
                                    <PropertyValue Property="ValueListProperty" String="RegionDesc"/>
                                </Record>
                                <Record Type="Common.ValueListParameterDisplayOnly">
                                    <PropertyValue Property="ValueListProperty" String="SubRegionDesc"/>
                                </Record>
                            </Collection>
                        </PropertyValue>
                    </Record>
                </Annotation>
            </Annotations> -->
            <!-- <Annotations Target="cds_zz1_ui_tkg_jv_bank_01.JVBANKType/Period" xmlns="http://docs.oasis-open.org/odata/ns/edm">
                <Annotation Term="Common.ValueList">
                    <Record>
                        <PropertyValue Property="Label" String="Value help for Period"/>
                        <PropertyValue Property="CollectionPath" String="Period"/>
                        <PropertyValue Property="SearchSupported" Bool="false"/>
                        <PropertyValue Property="Parameters">
                            <Collection>
                                <Record Type="Common.ValueListParameterInOut">
                                    <PropertyValue Property="LocalDataProperty" PropertyPath="Period"/>
                                    <PropertyValue Property="ValueListProperty" String="Period"/>
                                </Record>
                            </Collection>
                        </PropertyValue>
                    </Record>
                </Annotation>
            </Annotations> -->
            <!-- <Annotations Target="cds_zz1_ui_tkg_jv_bank_01.JVBANKType/Week" xmlns="http://docs.oasis-open.org/odata/ns/edm">
                <Annotation Term="Common.ValueList">
                    <Record>
                        <PropertyValue Property="Label" String="Takings Week Range"/>
                        <PropertyValue Property="CollectionPath" String="Week"/>
                        <PropertyValue Property="SearchSupported" Bool="false"/>
                        <PropertyValue Property="Parameters">
                            <Collection>
                                <Record Type="Common.ValueListParameterInOut">
                                    <PropertyValue Property="LocalDataProperty" PropertyPath="Week"/>
                                    <PropertyValue Property="ValueListProperty" String="Week"/>
                                </Record>
                            </Collection>
                        </PropertyValue>
                    </Record>
                </Annotation>
            </Annotations> -->
            <Annotations Target="cds_zz1_ui_tkg_jv_bank_01.cds_zz1_ui_tkg_jv_bank_01_Entities" xmlns="http://docs.oasis-open.org/odata/ns/edm">
                <Annotation Term="Aggregation.ApplySupported">
                    <Record>
                        <PropertyValue Property="Transformations">
                            <Collection>
                                <String>aggregate</String>
                                <String>groupby</String>
                                <String>filter</String>
                            </Collection>
                        </PropertyValue>
                        <PropertyValue Property="Rollup" EnumMember="None"/>
                    </Record>
                </Annotation>
            </Annotations>
            <Annotations Target="cds_zz1_ui_tkg_jv_bank_01.JVBANKType/TransactionDate" xmlns="http://docs.oasis-open.org/odata/ns/edm">
                <Annotation Term="Common.FieldControl" EnumMember="Common.FieldControlType/Mandatory"/>
            </Annotations>
            <Annotations Target="cds_zz1_ui_tkg_jv_bank_01.JVBANKType/transactionnum" xmlns="http://docs.oasis-open.org/odata/ns/edm">
                <Annotation Term="Common.FieldControl" EnumMember="Common.FieldControlType/Mandatory"/>
            </Annotations>
            <atom:link rel="self" href="https://saps4d.vets4pets.com:44380/sap/opu/odata/sap/ZZ1_UI_TKG_JV_BANK_02/$metadata" xmlns:atom="http://www.w3.org/2005/Atom"/>
            <atom:link rel="latest-version" href="https://saps4d.vets4pets.com:44380/sap/opu/odata/sap/ZZ1_UI_TKG_JV_BANK_02/$metadata" xmlns:atom="http://www.w3.org/2005/Atom"/>
        </Schema>
    </edmx:DataServices>
</edmx:Edmx>