<?xml version="1.0" encoding="utf-8"?>
<edmx:Edmx Version="4.0" xmlns:edmx="http://docs.oasis-open.org/odata/ns/edmx">
    <edmx:Reference Uri="/sap/opu/odata/sap/ZZ1_UI_TKG_JV_BANK_02/$metadata">
        <edmx:Include Namespace="cds_zz1_ui_tkg_jv_bank_01"/>
    </edmx:Reference>
    <edmx:Reference Uri="../../catalogservice;v=2/Vocabularies(TechnicalName='%2FIWBEP%2FVOC_COMMON',Version='0001',SAP__Origin='')/$value">
        <edmx:Include Namespace="com.sap.vocabularies.Common.v1" Alias="Common"/>
    </edmx:Reference>
    <edmx:Reference Uri="../../catalogservice;v=2/Vocabularies(TechnicalName='%2FIWBEP%2FVOC_UI',Version='0001',SAP__Origin='')/$value">
        <edmx:Include Namespace="com.sap.vocabularies.UI.v1" Alias="UI"/>
    </edmx:Reference>
    <edmx:Reference Uri="../../catalogservice;v=2/Vocabularies(TechnicalName='%2FIWBEP%2FVOC_COMMUNICATION',Version='0001',SAP__Origin='')/$value">
        <edmx:Include Namespace="com.sap.vocabularies.Communication.v1" Alias="Communication"/>
    </edmx:Reference>
    <edmx:Reference Uri="../../../sap/zz1_ui_tkg_jv_bank_02/$metadata">
        <edmx:Include Namespace="ZZ1_UI_TKG_JV_BANK_02" Alias="SAP"/>
    </edmx:Reference>
    <edmx:DataServices>
        <Schema Namespace="zz1_ui_tkg_jv_bank_02_van.v1" xmlns="http://docs.oasis-open.org/odata/ns/edm">
            <Annotations Target="cds_zz1_ui_tkg_jv_bank_01.JVBANKType/Createdby">
                <Annotation Term="UI.Hidden"/>
            </Annotations>
            <Annotations Target="cds_zz1_ui_tkg_jv_bank_01.JVBANKType/Createdat">
                <Annotation Term="UI.Hidden"/>
            </Annotations>
            <Annotations Target="cds_zz1_ui_tkg_jv_bank_01.JVBANKType/Lastchangedby">
                <Annotation Term="UI.Hidden"/>
            </Annotations>
            <Annotations Target="cds_zz1_ui_tkg_jv_bank_01.JVBANKType/Lastchangedat">
                <Annotation Term="UI.Hidden"/>
            </Annotations>
            <Annotations Target="cds_zz1_ui_tkg_jv_bank_01.JVBANKType">
                <Annotation Term="UI.Facets">
                    <Collection>
                        <Record Type="UI.CollectionFacet">
                            <PropertyValue Property="Label" String="General Information"/>
                            <PropertyValue Property="ID" String="idGeneralInformation"/>
                            <PropertyValue Property="Facets">
                                <Collection>
                                    <Record Type="UI.ReferenceFacet">
                                        <PropertyValue Property="Label" String="General Information"/>
                                        <PropertyValue Property="ID" String="idIdentification"/>
                                        <PropertyValue Property="Target" AnnotationPath="@UI.Identification"/>
                                    </Record>
                                </Collection>
                            </PropertyValue>
                        </Record>
                    </Collection>
                </Annotation>
                <Annotation Term="UI.HeaderInfo">
                    <Record>
                        <PropertyValue Property="TypeName" String="JV Banking Sheet Data"/>
                        <PropertyValue Property="TypeNamePlural" String="JV Banking Sheet Data"/>
                        <PropertyValue Property="Title">
                            <Record Type="UI.DataField">
                                <PropertyValue Property="Label" String="JV Banking Sheet Transaction Number"/>
                                <PropertyValue Property="Value" String="">
                                    <Annotation Term="Core.Messages">
                                        <Collection>
                                            <Record>
                                                <PropertyValue Property="code" String="SADL_GW_EXP_VOCAN-001"/>
                                                <PropertyValue Property="message" String="Property 'Transactionnum' of annotation 'UI.HEADERINFO.TITLE' in proj./view 'JVBANK' not found"/>
                                                <PropertyValue Property="severity" String="error"/>
                                            </Record>
                                        </Collection>
                                    </Annotation>
                                </PropertyValue>
                            </Record>
                        </PropertyValue>
                    </Record>
                </Annotation>
                <Annotation Term="UI.Identification">
                    <Collection>
                        <Record Type="UI.DataField">
                            <PropertyValue Property="Value" Path="transactionnum"/>
                        </Record>
                        <Record Type="UI.DataField">
                            <PropertyValue Property="Value" Path="TransactionDate"/>
                        </Record>
                        <Record Type="UI.DataField">
                            <PropertyValue Property="Value" Path="Companycode"/>
                        </Record>
                        <Record Type="UI.DataField">
                            <PropertyValue Property="Value" Path="Zday"/>
                        </Record>
                        <Record Type="UI.DataField">
                            <PropertyValue Property="Value" Path="Paymenttype"/>
                        </Record>
                        <Record Type="UI.DataField">
                            <PropertyValue Property="Value" Path="TransactionamountV"/>
                        </Record>
                        <Record Type="UI.DataField">
                            <PropertyValue Property="Value" Path="TransactionamountC"/>
                        </Record>
                        <Record Type="UI.DataField">
                            <PropertyValue Property="Value" Path="Region"/>
                        </Record>
                        <Record Type="UI.DataField">
                            <PropertyValue Property="Value" Path="Subregion"/>
                        </Record>
                        <Record Type="UI.DataField">
                            <PropertyValue Property="Value" Path="Period"/>
                        </Record>
                        <Record Type="UI.DataField">
                            <PropertyValue Property="Value" Path="Week"/>
                        </Record>
                        <Record Type="UI.DataField">
                            <PropertyValue Property="Value" Path="Fiscalyear"/>
                        </Record>
                    </Collection>
                </Annotation>
                <Annotation Term="UI.LineItem">
                    <Collection>
                        <Record Type="UI.DataField">
                            <PropertyValue Property="Value" Path="transactionnum"/>
                        </Record>
                        <Record Type="UI.DataField">
                            <PropertyValue Property="Value" Path="TransactionDate"/>
                        </Record>
                        <Record Type="UI.DataField">
                            <PropertyValue Property="Value" Path="Companycode"/>
                        </Record>
                        <Record Type="UI.DataField">
                            <PropertyValue Property="Value" Path="Zday"/>
                        </Record>
                        <Record Type="UI.DataField">
                            <PropertyValue Property="Value" Path="Paymenttype"/>
                        </Record>
                        <Record Type="UI.DataField">
                            <PropertyValue Property="Value" Path="Fiscalyear"/>
                        </Record>
                    </Collection>
                </Annotation>
                <Annotation Term="UI.PresentationVariant">
                    <Record>
                        <PropertyValue Property="SortOrder">
                            <Collection>
                                <Record Type="Common.SortOrderType">
                                    <PropertyValue Property="Property" PropertyPath="transactionnum"/>
                                    <PropertyValue Property="Descending" Bool="true"/>
                                </Record>
                            </Collection>
                        </PropertyValue>
                    </Record>
                </Annotation>
                <Annotation Term="UI.SelectionFields">
                    <Collection>
                        <PropertyPath>TransactionDate</PropertyPath>
                        <PropertyPath>Companycode</PropertyPath>
                        <PropertyPath>Zday</PropertyPath>
                        <PropertyPath>Paymenttype</PropertyPath>
                        <PropertyPath>Region</PropertyPath>
                        <PropertyPath>Subregion</PropertyPath>
                        <PropertyPath>Period</PropertyPath>
                        <PropertyPath>Week</PropertyPath>
                        <PropertyPath>Fiscalyear</PropertyPath>
                    </Collection>
                </Annotation>
            </Annotations>
        </Schema>
    </edmx:DataServices>
</edmx:Edmx>